-- phpMyAdmin SQL Dump
-- version 5.2.1
-- https://www.phpmyadmin.net/
--
-- Host: 127.0.0.1
-- Waktu pembuatan: 22 Des 2023 pada 03.48
-- Versi server: 10.4.32-MariaDB
-- Versi PHP: 8.0.30

SET SQL_MODE = "NO_AUTO_VALUE_ON_ZERO";
START TRANSACTION;
SET time_zone = "+00:00";


/*!40101 SET @OLD_CHARACTER_SET_CLIENT=@@CHARACTER_SET_CLIENT */;
/*!40101 SET @OLD_CHARACTER_SET_RESULTS=@@CHARACTER_SET_RESULTS */;
/*!40101 SET @OLD_COLLATION_CONNECTION=@@COLLATION_CONNECTION */;
/*!40101 SET NAMES utf8mb4 */;

--
-- Database: `tanahku`
--

-- --------------------------------------------------------

--
-- Struktur dari tabel `kecocokan_tanah_tanaman`
--

CREATE TABLE `kecocokan_tanah_tanaman` (
  `id_kecocokan` varchar(7) NOT NULL,
  `id_tanaman` varchar(7) DEFAULT NULL,
  `id_tanah` varchar(7) DEFAULT NULL
) ENGINE=InnoDB DEFAULT CHARSET=utf8 COLLATE=utf8_general_ci;

--
-- Dumping data untuk tabel `kecocokan_tanah_tanaman`
--

INSERT INTO `kecocokan_tanah_tanaman` (`id_kecocokan`, `id_tanaman`, `id_tanah`) VALUES
('CCK0001', 'NAM0001', 'NAH0003'),
('CCK0002', 'NAM0001', 'NAH0004'),
('CCK0003', 'NAM0001', 'NAH0005'),
('CCK0004', 'NAM0001', 'NAH0008'),
('CCK0005', 'NAM0002', 'NAH0008'),
('CCK0006', 'NAM0003', 'NAH0004'),
('CCK0007', 'NAM0004', 'NAH0002'),
('CCK0008', 'NAM0005', 'NAH0008'),
('CCK0009', 'NAM0006', 'NAH0004'),
('CCK0010', 'NAM0007', 'NAH0002'),
('CCK0011', 'NAM0008', 'NAH0005'),
('CCK0012', 'NAM0009', 'NAH0002'),
('CCK0013', 'NAM0010', 'NAH0006'),
('CCK0014', 'NAM0011', 'NAH0001'),
('CCK0015', 'NAM0011', 'NAH0005'),
('CCK0016', 'NAM0012', 'NAH0006'),
('CCK0017', 'NAM0013', 'NAH0001'),
('CCK0018', 'NAM0013', 'NAH0006'),
('CCK0019', 'NAM0013', 'NAH0007'),
('CCK0020', 'NAM0014', 'NAH0001'),
('CCK0021', 'NAM0014', 'NAH0005'),
('CCK0022', 'NAM0014', 'NAH0007'),
('CCK0023', 'NAM0015', 'NAH0003'),
('CCK0024', 'NAM0015', 'NAH0007'),
('CCK0025', 'NAM0016', 'NAH0003'),
('CCK0026', 'NAM0016', 'NAH0007'),
('CCK0027', 'NAM0017', 'NAH0001'),
('CCK0028', 'NAM0017', 'NAH0002'),
('CCK0029', 'NAM0017', 'NAH0008'),
('CCK0030', 'NAM0018', 'NAH0006'),
('CCK0031', 'NAM0019', 'NAH0004'),
('CCK0032', 'NAM0020', 'NAH0005'),
('CCK0033', 'NAM0020', 'NAH0007'),
('CCK0034', 'NAM0021', 'NAH0001'),
('CCK0035', 'NAM0021', 'NAH0002'),
('CCK0036', 'NAM0021', 'NAH0003'),
('CCK0037', 'NAM0021', 'NAH0004'),
('CCK0038', 'NAM0021', 'NAH0007'),
('CCK0039', 'NAM0022', 'NAH0002'),
('CCK0040', 'NAM0022', 'NAH0005'),
('CCK0041', 'NAM0023', 'NAH0001'),
('CCK0042', 'NAM0023', 'NAH0003'),
('CCK0043', 'NAM0024', 'NAH0002'),
('CCK0044', 'NAM0024', 'NAH0008'),
('CCK0045', 'NAM0025', 'NAH0008'),
('CCK0046', 'NAM0026', 'NAH0006'),
('CCK0047', 'NAM0027', 'NAH0008'),
('CCK0048', 'NAM0028', 'NAH0002'),
('CCK0049', 'NAM0029', 'NAH0006'),
('CCK0050', 'NAM0030', 'NAH0004'),
('CCK0051', 'NAM0030', 'NAH0006'),
('CCK0052', 'NAM0030', 'NAH0007'),
('CCK0053', 'NAM0031', 'NAH0006'),
('CCK0054', 'NAM0032', 'NAH0001'),
('CCK0055', 'NAM0032', 'NAH0003'),
('CCK0056', 'NAM0032', 'NAH0004'),
('CCK0057', 'NAM0033', 'NAH0006'),
('CCK0058', 'NAM0034', 'NAH0004'),
('CCK0059', 'NAM0035', 'NAH0001'),
('CCK0060', 'NAM0035', 'NAH0006'),
('CCK0061', 'NAM0036', 'NAH0005'),
('CCK0062', 'NAM0037', 'NAH0001'),
('CCK0063', 'NAM0037', 'NAH0002'),
('CCK0064', 'NAM0037', 'NAH0008'),
('CCK0065', 'NAM0038', 'NAH0003'),
('CCK0066', 'NAM0038', 'NAH0007'),
('CCK0067', 'NAM0039', 'NAH0003'),
('CCK0068', 'NAM0039', 'NAH0007'),
('CCK0069', 'NAM0039', 'NAH0008'),
('CCK0070', 'NAM0040', 'NAH0005'),
('CCK0071', 'NAM0041', 'NAH0008'),
('CCK0072', 'NAM0042', 'NAH0001'),
('CCK0073', 'NAM0042', 'NAH0004'),
('CCK0074', 'NAM0043', 'NAH0003'),
('CCK0075', 'NAM0043', 'NAH0005'),
('CCK0076', 'NAM0043', 'NAH0007'),
('CCK0077', 'NAM0044', 'NAH0005'),
('CCK0078', 'NAM0045', 'NAH0002'),
('CCK0079', 'NAM0045', 'NAH0003'),
('CCK0080', 'NAM0045', 'NAH0004');

-- --------------------------------------------------------

--
-- Struktur dari tabel `tanah`
--

CREATE TABLE `tanah` (
  `id_tanah` varchar(7) NOT NULL,
  `nama_tanah` varchar(255) DEFAULT NULL,
  `desc_tanah` text DEFAULT NULL,
  `karateresitik_fisik_tanah` text DEFAULT NULL,
  `sifat_kimia_tanah` text DEFAULT NULL,
  `sifat_biologi_tanah` text DEFAULT NULL,
  `penyebaran_tanah` text DEFAULT NULL,
  `penggunaan_tanah` text DEFAULT NULL,
  `gambar_tanah` text DEFAULT NULL
) ENGINE=InnoDB DEFAULT CHARSET=utf8 COLLATE=utf8_general_ci;

--
-- Dumping data untuk tabel `tanah`
--

INSERT INTO `tanah` (`id_tanah`, `nama_tanah`, `desc_tanah`, `karateresitik_fisik_tanah`, `sifat_kimia_tanah`, `sifat_biologi_tanah`, `penyebaran_tanah`, `penggunaan_tanah`, `gambar_tanah`) VALUES
('NAH0001', 'Aluvial', 'Tanah aluvial adalah jenis tanah yang terbentuk dari endapan material yang dibawa dan didepositkan oleh air sungai atau aliran air lainnya. Pengertian tanah aluvial mencakup keterkaitannya dengan proses sedimentasi yang berlangsung selama periode waktu yang panjang di daerah aliran sungai.', 'Karakteristik fisik tanah aluvial melibatkan tekstur tanah yang umumnya berbeda-beda, tergantung pada jenis material yang diendapkan oleh air. Tanah aluvial cenderung memiliki kandungan mineral yang bervariasi, yang dapat mencakup pasir, lumpur, dan debu.', 'Sifat kimia tanah aluvial juga dapat beragam, tetapi seringkali tanah ini memiliki kesuburan yang tinggi karena endapan-endapan tersebut dapat mengandung nutrien penting. Kandungan bahan organik dalam tanah aluvial juga bisa berkontribusi pada kesuburan tanah ini.', 'Dari segi sifat biologi, tanah aluvial umumnya mendukung kehidupan mikroorganisme yang penting untuk siklus nutrien dan keseimbangan ekosistem tanah. Keberagaman jenis mikroorganisme ini dapat memengaruhi produktivitas tanah secara keseluruhan.', 'Penyebaran tanah aluvial dapat ditemukan di sepanjang aliran sungai dan lembah-lembah yang terkena erosi dan sedimentasi. Karena sifatnya yang sering subur, tanah aluvial sering kali menjadi target utama untuk kegiatan pertanian.', 'Penggunaan tanah aluvial melibatkan berbagai kegiatan manusia, termasuk pertanian, perkebunan, dan pemukiman. Ketersediaan nutrien dan sifat fisik tanah yang baik membuat tanah aluvial menjadi pilihan yang diinginkan untuk kegiatan pertanian intensif dan berbagai proyek pembangunan lainnya.', 'https://storage.googleapis.com/gambar-tanaman/TANAH/aluvial.jpg'),
('NAH0002', 'Andosol ', 'Tanah Andosol adalah jenis tanah yang memiliki karakteristik khusus. Pengertian tanah Andosol dapat dijelaskan sebagai tanah yang berasal dari hasil pelapukan material vulkanik. ', 'Karakteristik fisik tanah Andosol mencakup tekstur tanah yang halus, struktur tanah yang baik, dan tingkat porositas yang tinggi. Tanah ini juga memiliki kemampuan retensi air yang baik, membuatnya cocok untuk pertanian.', 'Sifat kimia tanah Andosol ditandai dengan tingginya kandungan mineral seperti silika, alumina, dan oksida besi. Kehadiran mineral-mineral ini memberikan kelebihan pada tanah Andosol dalam menyediakan unsur hara untuk tanaman. ', 'Sifat biologi tanah Andosol mendukung aktivitas mikroorganisme tanah, yang berperan dalam proses dekomposisi bahan organik dan siklus nutrisi.', 'Penyebaran tanah Andosol umumnya terdapat di daerah-daerah vulkanik atau bekas letusan gunung api. Wilayah-wilayah dengan tanah Andosol meliputi dataran tinggi yang subur, seperti di Indonesia bagian barat, Jepang, dan Amerika Latin. ', 'Penggunaan tanah Andosol sangat cocok untuk pertanian, terutama tanaman pangan dan hortikultura, karena kemampuannya menyediakan unsur hara yang diperlukan tanaman.', 'https://storage.googleapis.com/gambar-tanaman/TANAH/andosol.jpg'),
('NAH0003', 'Entisol', 'Tanah Entisol adalah salah satu jenis tanah dalam klasifikasi soil taxonomy yang memiliki karakteristik khusus. Pengertian tanah ini mencakup tanah-tanah yang belum mengalami perkembangan yang signifikan atau tanah muda yang terbentuk dari bahan induk seperti endapan sungai, abrasi, atau deposit pasir. Entisol umumnya memiliki horison horison A yang dangkal dan seringkali tidak memiliki horison B yang terbentuk dengan jelas.', 'Dalam hal karakteristik fisik tanah, Entisol cenderung memiliki struktur tanah yang tidak terlalu terbentuk dan konsistensi tanah yang lembut. Tekstur tanah dapat bervariasi, tetapi biasanya memiliki tingkat keasaman (pH) yang netral hingga sedikit asam.', 'Sifat kimia tanah Entisol mencakup kandungan unsur hara yang dapat bervariasi tergantung pada bahan induknya. Karena tanah ini belum mengalami perkembangan yang signifikan, kandungan nutrisi dapat bersifat heterogen.', 'Dalam konteks sifat biologi tanah, Entisol umumnya memiliki aktivitas mikroorganisme yang tinggi karena belum terjadi proses diferensiasi yang cukup untuk membentuk lapisan yang menahan aktivitas biologis.', 'Dalam konteks sifat biologi tanah, Entisol umumnya memiliki aktivitas mikroorganisme yang tinggi karena belum terjadi proses diferensiasi yang cukup untuk membentuk lapisan yang menahan aktivitas biologis.', 'Penyebaran tanah Entisol dapat ditemukan di berbagai wilayah, termasuk dataran rendah, daerah rawa, atau daerah yang terpengaruh oleh erosi dan sedimentasi sungai.', 'https://storage.googleapis.com/gambar-tanaman/TANAH/entisol.jpg'),
('NAH0004', 'Humus', 'Tanah humus adalah lapisan atas tanah yang kaya akan bahan organik yang terurai, memberikan kesuburan dan memperbaiki struktur tanah. Tanah humus dikenal sebagai lapisan organik yang terbentuk dari sisa-sisa tumbuhan dan mikroorganisme yang mengalami dekomposisi alami.', 'Tanah humus memiliki karakteristik fisik yang unik, termasuk tekstur yang baik dan porositas yang memungkinkan retensi air yang optimal. Struktur tanah ini juga cenderung lebih berongga, memfasilitasi pergerakan udara dan air yang diperlukan untuk pertumbuhan tanaman.', 'Dengan kandungan bahan organik yang tinggi, tanah humus memiliki sifat kimia yang menguntungkan, seperti kemampuan menahan unsur hara dan mengoptimalkan pH tanah. Ketersediaan unsur hara yang baik dan keseimbangan pH tanah yang optimal mendukung pertumbuhan tanaman secara menyeluruh.', 'Tanah humus merupakan habitat yang ideal bagi mikroorganisme tanah, termasuk bakteri dan fungi. Aktivitas biologi tanah yang tinggi membantu proses dekomposisi bahan organik, membebaskan nutrien esensial untuk tanaman, serta meningkatkan kesehatan dan kesuburan tanah.', 'Tanah humus dapat ditemui di berbagai wilayah, mulai dari hutan hujan tropis hingga daerah beriklim sedang. Penyebaran tanah ini mencakup area-area dengan vegetasi yang melimpah, di mana dekomposisi materi organik dapat terjadi secara efektif.', 'Penggunaan tanah humus umumnya sangat diperkaya untuk kegiatan pertanian dan kehutanan. Kandungan nutrisi yang tinggi dan kemampuan tanah ini untuk mendukung pertumbuhan tanaman membuatnya menjadi aset berharga dalam konteks pengembangan pertanian yang berkelanjutan.', 'https://storage.googleapis.com/gambar-tanaman/TANAH/humus.jpg'),
('NAH0005', 'Inceptisol', 'Tanah inceptisol memiliki epipedon (lapisan atas) yang bisa berupa umbrik (gelap dan kaya bahan organik) atau okrik (terang dan miskin bahan organik). Horison bawahnya adalah kambik (berubah warna atau struktur akibat proses tanah) yang tidak memiliki horison spodik (berwarna abu-abu dan kaya aluminium), argillik (berkadar lempung tinggi), kandik (berkadar besi tinggi), natrik (berkadar natrium tinggi), atau oksik (berkadar oksida besi dan aluminium tinggi). Tanah ini juga bisa memiliki horison lain seperti duripan (keras dan sulit ditembus air), fragipan (rapuh dan berstruktur poligonal), kalsik (berkadar kapur tinggi), gypsik (berkadar gipsum tinggi), atau sulfidik (berkadar sulfida tinggi)', 'Tanah inceptisol memiliki sifat fisik yang terbatas pada pengembangan sistem akar dan perakaran tanah. Tanah ini memiliki kedalaman efektif yang tipis untuk pengolahan tanah, memiliki berat isi yang lebih besar akibat sebagian pori diisi oleh partikel debu, dan memiliki tekstur yang bervariasi dari pasir hingga liat', 'Tanah inceptisol memiliki sifat kimia yang belum stabil dan masih dipengaruhi oleh bahan induknya. Tanah ini memiliki pH yang bervariasi dari asam hingga basa, memiliki kandungan bahan organik yang rendah hingga sedang, memiliki kandungan hara yang rendah hingga tinggi, dan memiliki kapasitas tukar kation yang rendah hingga sedang1', 'Tanah inceptisol memiliki sifat biologi yang belum berkembang dengan baik. Tanah ini memiliki aktivitas mikroba yang rendah hingga sedang, memiliki populasi cacing tanah yang rendah hingga sedang, dan memiliki keragaman flora dan fauna yang rendah hingga sedang', 'Tanah inceptisol merupakan tanah yang paling banyak tersebar di dunia, mencakup sekitar 22 persen dari luas permukaan bumi. Tanah ini banyak ditemukan di daerah tropis, subtropis, dan beriklim sedang. Tanah ini juga banyak ditemukan di lembah-lembah, delta, dan daerah yang memiliki bahan induk sedimen muda seperti aluvial, koluvial, atau loess', 'Tanah Inseptisol dapat digunakan untuk berbagai keperluan, termasuk pertanian, kehutanan, dan pembangunan. Kondisi fisik dan kimia tanah ini dapat mendukung pertumbuhan tanaman yang beragam, tetapi mungkin memerlukan manajemen yang baik untuk memaksimalkan produktivitasnya.', ' https://storage.googleapis.com/gambar-tanaman/TANAH/inceptisol.jpg'),
('NAH0006', 'Laterit', 'Tanah laterit merupakan jenis tanah yang memiliki karakteristik unik. Secara pengertian, tanah laterit adalah jenis tanah yang umumnya ditemukan di daerah tropis dan subtropis, terbentuk melalui proses pelapukan batuan utama yang kaya akan mineral besi dan aluminium.', 'Karakteristik fisik tanah laterit mencakup warna merah atau kuning kemerahan, serta kekerasan yang tinggi karena kandungan mineral yang padat.', 'Sifat kimia tanah laterit ditandai oleh tingginya kandungan oksida besi dan aluminium, yang memberikan warna khas tanah ini. Keberadaan mineral tersebut juga membuat tanah laterit cenderung bersifat asam. ', 'Sementara itu, sifat biologi tanah laterit dapat dipengaruhi oleh ketersediaan unsur hara, yang pada beberapa kasus dapat menjadi tantangan bagi pertumbuhan tanaman.', 'Penyebaran tanah laterit umumnya terjadi di daerah-daerah dengan iklim tropis dan subtropis, seperti di Amerika Selatan, Afrika, dan Asia Tenggara. Wilayah ini sering kali mengalami musim hujan yang cukup intens, memicu proses pelapukan batuan dan pembentukan tanah laterit.', 'Penggunaan tanah laterit dapat bervariasi tergantung pada kondisi lokal dan ketersediaan sumber daya. Meskipun sifat asam dan beberapa kendala lainnya, tanah laterit sering digunakan untuk pertanian, terutama dengan menerapkan teknik pengelolaan tanah yang tepat. Selain itu, kekayaan mineral besi dan aluminium pada tanah laterit juga dapat menjadi sumber daya ekonomi melalui kegiatan pertambangan.', 'https://storage.googleapis.com/gambar-tanaman/TANAH/laterit.jpg'),
('NAH0007', 'Kapur', 'Tanah kapur merujuk pada jenis tanah yang memiliki tingkat keasaman tinggi atau kadar pH tinggi. Ciri khasnya adalah kandungan kapur atau kalsium karbonat yang signifikan. Tanah kapur biasanya bersifat alkalis dan memiliki warna yang cenderung pucat. Karakteristik ini memengaruhi sifat fisik, kimia, dan biologis tanah tersebut.', 'Tanah kapur umumnya memiliki struktur granular yang baik dan tingkat porositas yang cukup tinggi. Kandungan partikel tanah seperti pasir, debu, dan liat dapat bervariasi, tetapi seringkali tanah kapur memiliki tekstur yang relatif halus. Drainase yang baik juga merupakan salah satu ciri fisik yang umum terjadi pada tanah kapur.', 'Sifat kimia tanah kapur terkait erat dengan tingginya kandungan kapur. Tanah ini cenderung memiliki pH yang tinggi, membuatnya bersifat alkalis. Kandungan kalsium karbonatnya juga memengaruhi ketersediaan nutrien, seperti fosfor, dalam tanah. Sifat ini dapat memengaruhi pertumbuhan tanaman dan aktivitas mikroorganisme di dalam tanah.', 'Kondisi biologis tanah kapur dapat dipengaruhi oleh keseimbangan pH dan ketersediaan nutrien. Meskipun tanah kapur memiliki tingkat keasaman yang tinggi, beberapa jenis tumbuhan dan mikroorganisme masih dapat hidup dan berkembang di lingkungan ini. Ketahanan terhadap keasaman dan adaptabilitas organisme tanah menjadi faktor penting dalam sifat biologis tanah kapur.', 'Tanah kapur dapat ditemukan di berbagai wilayah geografis di seluruh dunia. Penyebarannya dapat melibatkan daerah pegunungan, dataran rendah, atau bahkan daerah pesisir. Faktor geologi dan proses alami seperti pelapukan batuan kapur dapat memengaruhi distribusi tanah kapur di berbagai lokasi.', 'Penggunaan tanah kapur dapat bervariasi tergantung pada kondisi lokal dan kebutuhan pertanian. Beberapa tanah kapur digunakan untuk pertanian karena kandungan kalsium karbonatnya yang dapat meningkatkan kesuburan tanah. Tanah kapur juga dapat digunakan dalam industri konstruksi sebagai bahan bangunan atau bahan dasar untuk pembuatan kapur tohor.', 'https://storage.googleapis.com/gambar-tanaman/TANAH/Tanah%20kapur.jpg'),
('NAH0008', 'Pasir', 'Tanah pasir merujuk pada jenis tanah yang memiliki tekstur dominan dari butiran pasir. Pengertian tanah pasir ini mencakup komposisi tanah yang didominasi oleh partikel-partikel pasir, yang umumnya memiliki ukuran butir yang lebih besar daripada jenis tanah lainnya.', 'Karakteristik fisik tanah pasir mencakup porositas yang tinggi dan drainase yang baik, sehingga air dapat meresap dengan cepat melalui tanah tersebut. Selain itu, tanah pasir cenderung memiliki keterbatasan dalam menahan air dan unsur hara, karena butiran pasir tidak dapat menyimpan air dan nutrisi dengan baik.', 'Sifat kimia tanah pasir juga memainkan peran penting dalam pemahaman karakteristiknya. Tanah pasir umumnya memiliki kecenderungan untuk memiliki pH yang lebih tinggi, yang dapat mempengaruhi ketersediaan nutrisi bagi tanaman. ', 'Sifat biologi tanah pada tanah pasir bisa menjadi tantangan, karena ketidakmampuan tanah ini untuk menyimpan kelembaban dapat berdampak pada mikroorganisme tanah dan aktivitas biologisnya.', 'Penyebaran tanah pasir dapat ditemukan di berbagai wilayah, terutama di daerah-daerah dengan iklim kering atau subtropis. Tanah pasir seringkali mendominasi lanskap gurun atau daerah pesisir. Meskipun tersebar luas, penggunaan tanah pasir untuk pertanian biasanya menantang karena ketidakmampuannya dalam menyimpan air dan unsur hara yang diperlukan tanaman. Namun, tanah pasir sering digunakan untuk konstruksi, kegiatan industri, atau bahkan sebagai area rekreasi.', 'Penggunaan tanah pasir secara bijak membutuhkan manajemen yang cermat untuk mengatasi keterbatasan-keterbatasannya. Oleh karena itu, pemahaman mendalam tentang pengertian, karakteristik fisik, sifat kimia, sifat biologi, penyebaran, dan penggunaan tanah pasir menjadi kunci dalam merencanakan kegiatan atau pengembangan di area yang memiliki tanah jenis ini.', 'https://storage.googleapis.com/gambar-tanaman/TANAH/pasir.jpg');

-- --------------------------------------------------------

--
-- Struktur dari tabel `tanaman`
--

CREATE TABLE `tanaman` (
  `id_tanaman` varchar(7) NOT NULL,
  `nama_tanaman` varchar(255) DEFAULT NULL,
  `nama_latin_tanaman` text DEFAULT NULL,
  `desc_tanaman` text DEFAULT NULL,
  `habitat_tanaman` text DEFAULT NULL,
  `kegunaan1` text DEFAULT NULL,
  `kegunaan2` text DEFAULT NULL,
  `kegunaan3` text DEFAULT NULL,
  `gambar_tanaman` text DEFAULT NULL
) ENGINE=InnoDB DEFAULT CHARSET=utf8 COLLATE=utf8_general_ci;

--
-- Dumping data untuk tabel `tanaman`
--

INSERT INTO `tanaman` (`id_tanaman`, `nama_tanaman`, `nama_latin_tanaman`, `desc_tanaman`, `habitat_tanaman`, `kegunaan1`, `kegunaan2`, `kegunaan3`, `gambar_tanaman`) VALUES
('NAM0001', 'Bawang Merah', 'Allium cepa var. Aggregatum', 'Bawang merah (Allium cepa var. aggregatum) merupakan tanaman umbi yang tumbuh dalam kelompok bulatan kecil dan biasanya memiliki bau yang khas. Daunnya ramping, pipih, dan berwarna hijau kebiruan. Umbinya berbentuk bulat dan berlapis-lapis dengan kulit berwarna merah kecoklatan. Bawang merah dikenal karena rasa yang tajam dan digunakan sebagai bumbu dalam masakan di berbagai belahan dunia.', 'Bawang merah dapat tumbuh di berbagai jenis tanah dengan kondisi drainase yang baik. Mereka biasanya ditanam di daerah beriklim sedang hingga tropis. Suhu yang cocok untuk pertumbuhan bawang merah berkisar antara 13 hingga 24 derajat Celsius.', 'Nilai Jual sebagai Bahan Pangan: Bawang merah memiliki nilai jual tinggi sebagai bahan pangan karena digunakan sebagai bumbu masakan di berbagai masakan tradisional dan internasional.', 'Tanaman Penutup Tanah: Dengan sistem perakaran yang padat, bawang merah dapat digunakan sebagai tanaman penutup tanah, membantu mencegah erosi tanah dan menjaga kelembaban.', 'Memperbaiki Unsur Tanah: Bawang merah dapat memberikan manfaat memperbaiki tekstur tanah dan memberikan bahan organik ketika daun dan sisa tanaman dikembalikan ke tanah setelah panen, meningkatkan kesuburan tanah.', ' https://storage.googleapis.com/gambar-tanaman/Gambar%20Tanaman/Gambar%20Tanaman/bawang_merah.jpg'),
('NAM0002', 'Bawang Putih', 'Allium sativum', 'Bawang putih adalah tanaman umbi yang termasuk dalam keluarga Alliaceae. Tanaman ini memiliki daun pipih yang panjang dan batang yang tinggi. Umbinya terdiri dari beberapa siung yang diselimuti oleh lapisan kulit tipis. Bawang putih memiliki rasa yang tajam dan aromatik yang khas.', 'Bawang putih tumbuh subur di berbagai jenis tanah, terutama yang berdrainase baik, dan memerlukan sinar matahari penuh atau setengah teduh. Tanaman ini memiliki bentuk daun pipih yang panjang dan tinggi, dengan umbi yang tersembunyi di dalam tanah. Umbi bawang putih terdiri dari beberapa siung dengan kulit tipis dan daging yang berwarna putih.', 'Nilai Kuliner Tinggi: Bawang putih digunakan secara luas dalam masakan sebagai bumbu penyedap karena rasa dan aromanya yang khas. Di pasar, bawang putih memiliki nilai jual tinggi sebagai bahan dasar masakan di berbagai kultur kuliner.', 'Nilai Kuliner Tinggi: Bawang putih digunakan secara luas dalam masakan sebagai bumbu penyedap karena rasa dan aromanya yang khas. Di pasar, bawang putih memiliki nilai jual tinggi sebagai bahan dasar masakan di berbagai kultur kuliner.', 'Penggunaan Pertanian: Bawang putih dapat digunakan sebagai tanaman penutup tanah atau tanaman pendamping (cover crop) untuk memperbaiki struktur tanah dan menyediakan nutrisi. Selain itu, ekstrak bawang putih dapat digunakan sebagai bahan alami untuk pengendalian hama dan penyakit tanaman.', 'https://storage.googleapis.com/gambar-tanaman/Gambar%20Tanaman/Gambar%20Tanaman/bawang_putih.jpg'),
('NAM0003', 'Bayam', 'Spinacia oleracea', 'Bayam (Spinacia oleracea) adalah tanaman sayuran hijau yang memiliki daun bulat atau bersegi panjang, tergantung pada jenisnya. Tanaman ini memiliki siklus hidup singkat dan dapat tumbuh dengan cepat. Bayam tumbuh optimal di tanah subur, gembur, dan mendapat paparan sinar matahari parsial hingga penuh. Daun bayam, yang muda atau matang, memiliki kandungan nutrisi tinggi, termasuk vitamin A, C, K, zat besi, kalsium, dan serat.', 'Tanaman bayam (Spinacia oleracea) tumbuh subur di habitat dengan tanah yang subur, gembur, dan kaya bahan organik. Tanah yang memiliki sistem drainase yang baik dan kelembaban yang konsisten mendukung pertumbuhan bayam yang optimal. Bayam tumbuh baik di iklim sejuk hingga sedang, dapat ditanam pada musim semi atau musim gugur, tergantung pada varietas dan iklim setempat. Paparan sinar matahari parsial hingga penuh menjadi faktor penting, dan beberapa varietas bayam toleran terhadap teduh. Rotasi tanaman dan pertumbuhan bersamaan dengan tanaman lain juga dapat meningkatkan kesehatan tanaman bayam. Dengan toleransi terhadap berbagai ketinggian, bayam dapat tumbuh di berbagai wilayah geografis. Habitat yang ideal mendukung pertumbuhan daun bayam yang lezat dan bergizi.\r', 'Konsumsi Manusia: Bayam adalah sayuran hijau yang kaya akan nutrisi, termasuk vitamin A, C, K, zat besi, dan serat. Daun bayam dapat dimasak sebagai sayuran, digunakan dalam salad, atau diolah menjadi jus bayam. Konsumsi bayam dapat memberikan manfaat untuk kesehatan mata, kulit, dan sistem pencernaan.', 'Industri Makanan: Bayam dapat digunakan dalam berbagai produk makanan dan olahan, seperti saus bayam, kue bayam, atau produk makanan lain yang mengandung bayam sebagai bahan utama. Hal ini memberikan variasi dan nilai gizi tambahan pada produk makanan.', 'Tanaman Penutup Tanah: Bayam ditanam secara luas dalam pertanian dan hortikultura. Tanaman bayam tumbuh cepat dan dapat ditanam sebagai tanaman musiman atau sebagai tanaman penutup tanah. Pertanian bayam memberikan kontribusi pada diversifikasi produksi pangan.', 'https://storage.googleapis.com/gambar-tanaman/Gambar%20Tanaman/Gambar%20Tanaman/bayam.jpg'),
('NAM0004', 'Biji Kopi', 'Coffea spp.', 'Kopi (coffea sp) adalah tanaman hasil pertanian yang dijadikan minuman hasil seduhan biji kopi yang telah disangrai dan dihaluskan menjadi bubuk. Terdapat dua jenis kopi yang umum di budidayakan: kopi arabika dan kopi robusta. Kopi arabika memiliki waktu panen dan tingkat kematangan tertentu, sedangkan kopi robusta memiliki cakupan daerah tumbuh yang lebih luas.', 'Kopi berasal dari wilayah tropis, dan habitatnya terutama berada di daerah tropis yang memiliki iklim hangat. Tanaman kopi tumbuh baik di dataran rendah hingga dataran tinggi.', ' Produksi Biji Kopi (Kopi sebagai Minuman):Biji kopi diolah untuk menghasilkan minuman kopi yang dikenal dan dikonsumsi secara luas di seluruh dunia.', 'Nilai Budaya dan Sosial: Kopi sering menjadi bagian dari budaya dan ritual sosial di berbagai masyarakat. Kafein dalam kopi juga memberikan stimulasi yang menyegarkan.', 'Nilai Ekonomi sebagai Komoditas:Kopi memiliki nilai ekonomi tinggi sebagai komoditas yang diperdagangkan di pasar global. Biji kopi merupakan salah satu komoditas pertanian utama.', 'https://storage.googleapis.com/gambar-tanaman/Gambar%20Tanaman/Gambar%20Tanaman/biji_kopi.jpg'),
('NAM0005', 'Bit', 'Beta vulgaris', 'Bit (Beta vulgaris) adalah sebuah tanaman berbunga dalam familia Chenopodiaceae yang aslinya berasal dari daerah pesisir barat dan selatan Eropa, dari Swedia selatan dan Kepulauan Britania ke selatan Laut Mediterania. Tanaman ini termasuk penting karena varietas-varietas yang dikembangkan darinya, yaitu bit pakan, bayam bit, bit merah, dan bit gula.', 'Bit tumbuh dengan baik di berbagai jenis tanah, termasuk tanah yang berpasir. Tanaman ini memiliki akar umbi yang dapat dimakan dan daun hijau yang juga dapat dikonsumsi. Bit sering ditemukan dalam varietas berwarna merah, kuning, dan oranye. Mereka memerlukan sinar matahari penuh atau setengah teduh dan dapat tumbuh dengan baik dalam iklim sedang hingga subtropis.', 'Konsumsi Pangan: Umbi bit dapat dimasak dan dimakan mentah. Mereka sering digunakan dalam salad atau dimasak sebagai sayuran.', 'Gula Bit: Bit juga digunakan untuk produksi gula. Gula bit merupakan sumber gula yang signifikan di beberapa bagian dunia.', 'Pigmen Alami: Beberapa varietas bit mengandung pigmen alami yang digunakan sebagai pewarna alami dalam makanan dan tekstil.', 'https://storage.googleapis.com/gambar-tanaman/Gambar%20Tanaman/Gambar%20Tanaman/bit.jpg'),
('NAM0006', 'Buncis', 'Phaseolus vulgaris', 'Tanaman buncis (Phaseolus vulgaris) adalah tanaman sayuran dengan batang tegak, daun majemuk bertiga, dan bunga berwarna putih atau ungu pucat. Tumbuhan ini memiliki siklus hidup tahunan dan dapat dibedakan menjadi dua jenis utama yaitu buncis busur yang merambat yang memerlukan penopangan, dan buncis tegak yang tumbuh kompak tanpa penopangan. Buncis tumbuh baik di tanah subur dan gembur dengan paparan sinar matahari penuh. Pemanenan dapat dilakukan ketika polong masih muda untuk dikonsumsi sebagai sayuran, atau ketika biji sudah matang untuk dijadikan biji kering.', 'Tanaman buncis (Phaseolus vulgaris) tumbuh subur di iklim hangat hingga sedang dengan suhu optimal antara 18°C hingga 24°C. Mereka memerlukan tanah yang subur, gembur, dan kaya bahan organik dengan pH berkisar antara 6 hingga 7. Sistem drainase yang baik pada tanah membantu mencegah genangan air, dan tanaman ini membutuhkan paparan sinar matahari penuh selama enam hingga delapan jam per hari. Buncis busur memerlukan penopangan atau struktur pendukung, sementara buncis tegak tumbuh lebih kompak tanpa penopangan. Rotasi tanaman dan pengelolaan yang baik membantu mengurangi risiko penyakit. Tanaman buncis dapat tumbuh di berbagai ketinggian tempat, sehingga mereka dapat ditanam baik di dataran rendah maupun dataran tinggi.', 'Konsumsi Manusia: Buncis sering digunakan sebagai sayuran dalam berbagai masakan. Muda dan segar, buncis dapat dimasak dengan berbagai metode, seperti direbus, ditumis, atau diukus. Mereka menyediakan sumber vitamin, mineral, dan serat yang penting dalam pola makan sehat.', 'Bahan Pangan Kaleng: Buncis dapat diolah dan dikemas dalam bentuk kalengan atau beku, memungkinkan ketersediaan sepanjang tahun. Produk ini memberikan kemudahan dalam penyimpanan dan penggunaan buncis di luar musim panen.', 'Penutup Tanah: Tanaman buncis memiliki akar yang mendalam dan berfungsi baik sebagai penutup tanah, membantu mencegah erosi dan memperbaiki struktur tanah. Buncis juga dapat menyerap nitrogen dari udara dan memperkaya tanah dengan nutrisi penting.', 'https://storage.googleapis.com/gambar-tanaman/Gambar%20Tanaman/Gambar%20Tanaman/buncis.jpg'),
('NAM0007', 'Bunga Matahari', 'Helianthus annuus', 'Bunga matahari adalah tanaman tahunan yang dikenal dengan bunganya yang besar dan cemerlang yang selalu menghadap matahari. Daunnya berbentuk hati dan tangkainya tinggi. Bunga matahari memiliki biji yang dapat dimakan yang terdapat di kepala bunga setelah mekar.', 'Bunga matahari tumbuh baik di daerah yang terkena sinar matahari penuh. Mereka dapat tumbuh di berbagai jenis tanah, asalkan tanah tersebut subur dan memiliki drainase yang baik. Bunga matahari dapat ditemukan di ladang, kebun, dan tepi jalan.', 'Produksi Biji untuk Minyak Matahari:Biji bunga matahari mengandung minyak yang dapat diekstraksi dan digunakan sebagai minyak nabati, yang memiliki nilai ekonomi sebagai bahan baku makanan dan industri.', 'anaman Hias dan Lanskap: Bunga matahari sering ditanam sebagai tanaman hias di taman dan sebagai bagian dari desain lanskap. Varietas bunga matahari yang berbeda juga memiliki nilai dekoratif yang tinggi.', 'Bahan Baku Biofuel: Minyak yang diekstrak dari biji bunga matahari juga dapat digunakan sebagai bahan baku untuk produksi biofuel.', 'https://storage.googleapis.com/gambar-tanaman/Gambar%20Tanaman/Gambar%20Tanaman/bunga_matahari.jpg'),
('NAM0008', 'Cengkeh', 'Syzygium aromaticum', 'Cengkeh (Syzygium aromaticum) dapat tumbuh dengan baik di tanah inseptisol yang memenuhi persyaratan pertumbuhan tanaman ini. Nama latinnya adalah Syzygium aromaticum. Tanaman cengkeh memiliki deskripsi sebagai tanaman perdu yang tingginya dapat mencapai 10-20 meter, dengan daun yang hijau dan bunganya yang kecil berwarna merah muda', 'Tanaman ini tumbuh baik di tanah yang subur dengan drainase yang baik. Cengkeh dapat ditemukan tumbuh liar di hutan-hutan dataran rendah atau dataran tinggi, terutama di pulau-pulau di wilayah Asia Tenggara, seperti Indonesia, Madagaskar, dan India. Tanaman ini memerlukan iklim yang konsisten, tanah yang kaya akan bahan organik, serta cahaya matahari yang cukup untuk pertumbuhannya.', 'Produksi Bunga dan Pucuk: Cengkeh dikenal karena bunganya yang kecil dan pucuknya yang digunakan sebagai rempah-rempah. Keduanya memiliki nilai jual tinggi dalam industri rempah-rempah dan farmasi.', 'Minyak Cengkeh: Minyak esensial yang dihasilkan dari cengkeh memiliki nilai ekonomis tinggi. Minyak ini digunakan dalam industri parfum, obat-obatan, dan sebagai bahan tambahan dalam berbagai produk konsumen.', 'Penggunaan di Bidang Pertanian: Tanaman cengkeh dapat memberikan manfaat dalam memperbaiki unsur tanah. Akar tanaman ini dapat membantu meningkatkan kandungan organik dalam tanah, serta menyediakan penutup tanah yang baik. Hal ini dapat memperbaiki struktur tanah dan meminimalkan erosi tanah.', 'https://storage.googleapis.com/gambar-tanaman/Gambar%20Tanaman/Gambar%20Tanaman/cengkeh.jpg'),
('NAM0009', 'Daun Teh', 'Camellia sinensis L.', 'Tanaman teh (Camellia sinensis) adalah semak atau pohon kecil yang memiliki daun hijau berkilap dan bunganya yang kecil. Daunnya yang muda dan tunas daunnya biasanya digunakan untuk pembuatan teh. Tanaman teh dikenal memiliki varietas yang berbeda, seperti teh hijau, teh hitam, teh oolong, dan teh putih, tergantung pada tingkat oksidasi daunnya.', 'Tanaman teh tumbuh terutama di daerah beriklim subtropis dan tropis. Mereka memerlukan tanah yang subur, curah hujan yang cukup, dan iklim yang sejuk untuk tumbuh dengan baik. Negara-negara seperti India, China, Sri Lanka.', 'Produksi Teh: Daun teh adalah bahan baku utama untuk pembuatan teh. Berbagai jenis teh diproduksi dari daun ini, termasuk teh hijau, teh hitam, teh oolong, dan teh putih.', 'Nilai Ekonomi Tinggi: Teh memiliki nilai ekonomi tinggi sebagai salah satu minuman yang paling banyak dikonsumsi di dunia. Produksi dan perdagangan teh memberikan kontribusi signifikan terhadap perekonomian beberapa negara.', 'Ekstraksi Senyawa Bioaktif: Beberapa senyawa bioaktif yang terdapat dalam daun teh, seperti polifenol, memiliki potensi nilai kesehatan. Mereka dapat diekstraksi dan digunakan dalam industri makanan atau suplemen kesehatan.', 'https://storage.googleapis.com/gambar-tanaman/Gambar%20Tanaman/Gambar%20Tanaman/daun_teh.jpg'),
('NAM0010', 'Durian', 'Durio spp.', 'Durian adalah nama tumbuhan tropis yang berasal dari wilayah Asia Tenggara, sekaligus nama buahnya yang bisa dimakan. Nama ini diambil dari ciri khas kulit buahnya yang keras dan berlekuk-lekuk tajam sehingga menyerupai duri. Sebutan populernya adalah \"raja dari segala buah\" (King of Fruit). Durian adalah buah yang kontroversial, meskipun banyak orang yang menyukainya, tetapi sebagiannya kurang menyukai dengan aromanya.Tumbuhan dengan nama durian bukanlah spesies tunggal tetapi sekelompok tumbuhan dari genus Durio.', 'Durian tumbuh di daerah tropis dengan iklim yang hangat dan lembap. Tanaman durian membutuhkan tanah yang subur, baik di dataran rendah maupun dataran tinggi. Durian biasanya tumbuh baik di tanah kapur atau tanah berpasir dengan drainase yang baik. Pohon durian memerlukan paparan sinar matahari penuh untuk pertumbuhan optimal.', 'Buah Konsumsi: Durian memiliki nilai jual tinggi sebagai buah konsumsi. Karena rasanya yang unik dan dikenal sebagai \"raja buah,\" durian sering dicari dan dihargai oleh pecinta buah tropis.', 'Produk Olahan: Durian juga digunakan sebagai bahan baku untuk produk olahan, seperti es krim, pancake, dodol, dan makanan ringan lainnya. Produk olahan ini memberikan nilai tambah dan variasi rasa pada produk makanan.', 'Pertanian dan Perkebunan: Tanaman durian memiliki kegunaan dalam perbaikan unsur tanah. Daun durian yang gugur dapat digunakan sebagai bahan baku pupuk organik, memberikan nutrisi yang baik untuk tanah. Selain itu, sistem perakarannya juga membantu meningkatkan struktur tanah.', 'https://storage.googleapis.com/gambar-tanaman/Gambar%20Tanaman/Gambar%20Tanaman/durian.jpg'),
('NAM0011', 'Jagung ', 'Zea mays', 'Vanili adalah tanaman anggota orkid yang terkenal dengan buahnya yang mengandung biji beraroma khas. Tanaman ini merambat dan memiliki daun yang lebar. Bunga vanili memiliki aroma yang kuat dan menghasilkan polong buah panjang yang mengandung biji vanili.', 'Jagung tumbuh baik di daerah beriklim sedang hingga tropis dengan sinar matahari yang cukup. Tanah yang cocok untuk jagung adalah tanah berstruktur gembur dan subur, meskipun jagung dapat tumbuh di berbagai jenis tanah dengan syarat-syarat tertentu.', 'Pangan: Jagung merupakan salah satu sumber pangan utama di dunia. Buah jagung dapat dikonsumsi langsung sebagai sayuran atau diolah menjadi berbagai produk pangan seperti tepung jagung, popcorn, dan produk makanan olahan lainnya.', 'Pakan Ternak: Jagung juga digunakan sebagai bahan baku pakan ternak. Butiran jagung yang kaya nutrisi memberikan sumber energi dan gizi bagi ternak, terutama dalam industri peternakan.', 'Biofuel (Bahan Bakar Nabati): Jagung dapat diolah menjadi bioetanol, suatu jenis bahan bakar nabati yang dapat digunakan sebagai alternatif bahan bakar fosil. Produksi bioetanol dari jagung memiliki nilai ekonomis dan mendukung upaya untuk mengurangi ketergantungan pada bahan bakar minyak.', 'https://storage.googleapis.com/gambar-tanaman/Gambar%20Tanaman/Gambar%20Tanaman/jagung.jpg'),
('NAM0012', 'Jambu Mete', 'Anacardium occidentale', 'Jambu mete, jambu monyet, atau jambu mede adalah sejenis tanaman dari suku Anacardiaceae yang berasal dari Brasil dan memiliki buah yang dapat dimakan. Yang lebih terkenal dari jambu mede adalah kacang mede, kacang mete, atau kacang mente; bijinya yang biasa dikeringkan dan digoreng untuk dijadikan berbagai macam penganan. Secara botani, tumbuhan ini sama sekali bukan anggota jambu-jambuan (Myrtaceae) maupun kacang-kacangan (Fabaceae), melainkan malah lebih dekat kekerabatannya dengan mangga (suku Anacardiaceae).', 'Jambu mete tumbuh subur di berbagai kondisi tanah, termasuk tanah kapur yang kaya mineral. Habitat yang ideal untuk pertumbuhan jambu mete adalah tanah dengan kisaran pH antara 6.0 hingga 7.0. Tanah kapur yang baik untuk jambu mete harus memiliki kemampuan drainase yang efisien untuk mencegah genangan air. Meskipun tanaman ini dapat tumbuh di berbagai iklim, suhu optimal untuk pertumbuhan jambu mete berkisar antara 24-32 derajat Celsius. Jambu mete juga membutuhkan paparan sinar matahari yang cukup, namun bisa tumbuh di tempat yang agak teduh.', 'Jambu Mete: Buah jambu mete kaya akan vitamin C, mineral seperti magnesium dan potassium, serta antioksidan. Kandungan nutrisi ini membuatnya baik untuk kesehatan kulit, sistem kekebalan tubuh, dan kesehatan jantung.', 'Biji Mete: Selain buahnya, biji mete juga memiliki kegunaan yang beragam. Biji mete mengandung protein, serat, lemak sehat, dan berbagai mineral seperti tembaga dan zink. Biji mete dapat dimakan langsung atau diolah menjadi berbagai produk olahan seperti kacang mete panggang, mentega kacang mete, atau tambahan dalam hidangan masakan.', 'Minyak Jambu Mete: Minyak yang diekstrak dari biji mete digunakan dalam industri kosmetik dan kuliner. Minyak ini memiliki sifat pelembab yang baik untuk kulit dan sering digunakan dalam produk perawatan kulit.', 'https://storage.googleapis.com/gambar-tanaman/Gambar%20Tanaman/Gambar%20Tanaman/jambu_mete.jpg'),
('NAM0013', 'Jeruk', 'Citrus sinensis', 'Jeruk adalah buah dari spesies citrus dalam famili Rutaceae. Istilah \"jeruk\" umumnya mengacu pada Citrus × sinensis yang juga disebut jeruk manis dan Citrus aurantium yang disebut jeruk pahit. Jeruk manis bereproduksi secara aseksual (apomiksis melalui nucellar embryony), yaitu melalui sistem cangkok, okulasi, setek, dan varietas jeruk manis muncul melalui mutasi.', 'Jeruk merupakan tanaman yang tumbuh baik di daerah dengan iklim tropis atau subtropis. Mereka menyukai tanah yang subur, dengan drainase yang baik, dan memerlukan sinar matahari penuh untuk pertumbuhan yang optimal. Jeruk dapat tumbuh di berbagai jenis tanah, termasuk tanah kapur, asalkan memiliki pH yang sesuai.', 'Nilai Jual Buah Segar: Jeruk memiliki nilai jual tinggi sebagai buah segar yang dikonsumsi langsung. Kandungan vitamin C dan antioksidan membuatnya populer sebagai sumber nutrisi yang sehat.', 'Produk Olahan Jeruk: Jeruk juga dimanfaatkan untuk berbagai produk olahan seperti jus, sirup, marmalade, dan minuman berbasis jeruk. Produk-produk ini memiliki nilai jual yang signifikan di pasar makanan dan minuman.', 'Penyubur Tanah: Jeruk dapat memberikan manfaat sebagai penyubur tanah karena daun-daunnya yang gugur dapat terdekomposisi dan meningkatkan kandungan organik dalam tanah. Selain itu, pemupukan dengan limbah jeruk dapat membantu memperbaiki struktur tanah dan memberikan nutrisi tambahan.', 'https://storage.googleapis.com/gambar-tanaman/Gambar%20Tanaman/Gambar%20Tanaman/jeruk.jpg'),
('NAM0014', 'Kacang hijau', 'Vigna radiata', 'Kacang hijau, yang juga dikenal sebagai Vigna radiata atau mung bean, adalah tanaman polong yang berasal dari Asia Selatan. Tanaman ini memiliki batang yang ramping dan daun hijau kecil. Buahnya berbentuk polong yang mengandung biji kecil berwarna hijau yang dikenal sebagai kacang hijau. Biji ini memiliki tekstur lembut ketika dimasak dan memiliki rasa manis. Kacang hijau adalah salah satu sumber protein nabati yang penting dan juga kaya akan serat. Mereka sering digunakan dalam berbagai masakan, mulai dari kari hingga bubur dan kue. Kacang hijau juga sering diolah menjadi tepung dan digunakan dalam pembuatan mie, kue, atau camilan.', 'Kacang hijau tumbuh dengan baik di daerah beriklim hangat, terutama di Asia Selatan dan Asia Tenggara. Mereka biasanya ditanam di lahan yang subur dengan sinar matahari yang cukup. Tanaman ini cukup toleran terhadap kondisi tanah yang sedikit kering, membuatnya cocok untuk ditanam di berbagai jenis lahan.', 'Sumber Protein: Kacang hijau mengandung protein tinggi, sehingga sering digunakan sebagai sumber protein nabati dalam berbagai masakan.\r', 'Peningkatan Kesuburan Tanah: Tanaman kacang hijau memiliki kemampuan memperbaiki kualitas tanah melalui fiksasi nitrogen. Akar nodul yang terbentuk oleh tanaman ini dapat mengikat nitrogen dari udara ke dalam tanah, meningkatkan kesuburan tanah.\r', 'Pertanian Intercrop: Kacang hijau sering ditanam sebagai tanaman interkrop atau penanaman bersama dengan tanaman lain untuk meningkatkan produktivitas dan diversifikasi hasil pertanian. Ini dapat memberikan manfaat ekonomi karena hasilnya dapat dijual.\r', 'https://storage.googleapis.com/gambar-tanaman/Gambar%20Tanaman/Gambar%20Tanaman/kacang_hijau.jpg'),
('NAM0015', 'Kacang Kapri', 'Phaseolus vulgaris var. macrocarpus', 'Kacang kapri, juga dikenal sebagai kacang panjang atau kacang buncis, merupakan tanaman sayuran yang termasuk dalam keluarga Fabaceae. Tanaman ini memiliki batang yang panjang dan ramping dengan daun majemuk, serta menghasilkan polong yang tipis dan panjang yang dapat dikonsumsi.', 'Kacang kapri biasanya tumbuh baik di iklim hangat hingga sedang. Mereka membutuhkan sinar matahari penuh dan tanah yang kaya akan bahan organik dengan drainase yang baik.', 'Nilai Jual sebagai Sayuran: Kacang kapri merupakan sayuran yang populer dan memiliki nilai jual di pasar-pasar lokal maupun pasar internasional. Polongnya yang panjang dan tipis menjadi daya tarik utama untuk konsumsi.', 'Sumber Nutrisi: Kacang kapri mengandung berbagai nutrisi seperti vitamin A, vitamin C, serat, dan mineral seperti kalium dan magnesium. Ini membuatnya bermanfaat untuk kesehatan dan dapat menjadi bagian dari diet seimbang.', 'Peningkatan Kesuburan Tanah: Tanaman kacang kapri dapat memperbaiki kesuburan tanah dengan melepaskan nitrogen ke dalam tanah melalui proses nodulasi bakteri Rhizobium pada akar tanaman. Hal ini dapat memberikan manfaat bagi tanaman lain yang tumbuh di sekitarnya.', 'https://storage.googleapis.com/gambar-tanaman/Gambar%20Tanaman/Gambar%20Tanaman/kacang_kapri.jpg'),
('NAM0016', 'Kacang Tanah', 'Arachis hypogaea', 'Kacang tanah adalah tanaman semusim yang termasuk ke dalam keluarga kacang-kacangan (Fabaceae). Tanaman ini memiliki batang yang merambat dan daun menjari. Buahnya yang berkembang di bawah tanah mengandung biji yang biasa dikonsumsi sebagai kacang tanah. Kacang tanah dikenal karena keberagamannya dalam penggunaan kulit, biji, dan minyaknya dalam berbagai hidangan makanan dan industri.', 'Kacang tanah dapat tumbuh di berbagai jenis tanah, tetapi biasanya tumbuh lebih baik di tanah berpasir atau berkerikil. Tanaman ini memerlukan iklim hangat untuk pertumbuhannya dan sering ditemukan tumbuh di daerah tropis dan subtropis.', 'Nilai Jual Biji: Kacang tanah memiliki nilai ekonomis tinggi karena bijinya sering dijadikan makanan ringan, mentah, atau diolah menjadi berbagai produk seperti mentega kacang, minyak kacang, atau bumbu kacang.', 'Pupuk Hijau: Tanaman kacang tanah dapat digunakan sebagai pupuk hijau. Akarnya membantu memperbaiki struktur tanah dan meningkatkan kandungan unsur organik.', 'Fiksasi Nitrogen: Kacang tanah memiliki bakteri yang hidup di akar mereka, membantu fiksasi nitrogen dari udara ke dalam tanah, meningkatkan kesuburan tanah untuk tanaman berikutnya.', 'https://storage.googleapis.com/gambar-tanaman/Gambar%20Tanaman/Gambar%20Tanaman/kacang_tanah.jpg'),
('NAM0017', 'Kedelai ', 'Glycine max', 'Kacang kedelai merupakan tanaman pangan berupa semak yang tumbuh tegak. Tanaman ini memiliki akar tunggang, akar lateral, dan akar serabut. Batangnya berukuran antara 30-100 cm dan dapat membentuk 3-6 cabang. Bunganya termasuk bunga sempurna, dengan penyerbukan yang terjadi saat mahkota bunga masih menutup. Polong kedelai pertama terbentuk sekitar 7-10 hari setelah munculnya bunga pertama, dan bijinya berkeping dua yang terbungkus oleh kulit biji. Warna kulit bijinya bervariasi, ada yang kuning, hitam, hijau, atau coklat.', 'Kacang kedelai merupakan tanaman pangan dari Asia Timur, namun telah dibudidayakan di berbagai negara termasuk Indonesia. Tanaman ini tumbuh baik di daerah tropis dengan suhu yang hangat dan kelembaban yang cukup.', 'Sumber Protein Nabati Berkualitas Tinggi: Kedelai adalah salah satu sumber protein nabati terbaik. Kandungan proteinnya sangat lengkap, mengandung semua asam amino esensial yang diperlukan tubuh. Ini menjadikan kedelai pilihan yang baik sebagai alternatif protein untuk vegetarian atau vegan. Produk-produk kedelai seperti tahu, tempe, dan susu kedelai banyak digunakan sebagai pengganti produk berbasis hewani.', 'Kesehatan Jantung: Kedelai mengandung lemak sehat, serat, dan senyawa fitokimia seperti isoflavonoid. Senyawa isoflavonoid dalam kedelai dapat membantu mengurangi risiko penyakit jantung dengan menurunkan kadar kolesterol LDL (kolesterol jahat) dan meningkatkan kolesterol HDL (kolesterol baik). Konsumsi kedelai secara teratur dapat menjadi bagian dari pola makan sehat untuk mendukung kesehatan jantung.', 'Sumber Antioksidan dan Nutrisi Penting: Kedelai mengandung berbagai nutrisi penting seperti vitamin, mineral, dan antioksidan. Kandungan antioksidan, terutama isoflavonoid, dapat membantu melawan radikal bebas dalam tubuh yang dapat menyebabkan kerusakan sel. Selain itu, kedelai juga mengandung zat besi, kalsium, magnesium, fosfor, dan vitamin B yang mendukung kesehatan tulang, metabolisme, dan sistem kekebalan tubuh.', 'https://storage.googleapis.com/gambar-tanaman/Gambar%20Tanaman/Gambar%20Tanaman/kedelai.jpg'),
('NAM0018', 'Kedondong', 'Spondias dulcis', 'Kedondong adalah tanaman buah yang tergolong ke dalam suku mangga-manggaan (Anacardiaceae). Kedondong ini merupakan tanaman buah yang umumnya banyak sekali terdapat di seluruh daerah tropis dan termasuk kedalam angiospermae. Biasanya dalam bahasa Inggris menyebutnya dengan Ambarella, Ataheitte apple / Great hot plum. Dalam setiap negara maupun daerah, nama buah ini berbeda-beda, seperti di Asia Tenggara biasa disebut: kedondong (Indonesia dan Malaysia), hevi (Filipina), gway (Myanmar), mokah (Kamboja), kook kvan (Laos), makak sarang (Thailand), co’c (Vietnam). Selain itu kedondong juga disebut kadongdong (Sunda), kedondong (Jawa), kedundung (Madura),kadondong (Ma\'anyan ), kacemcem (Bali), inci (NTT), karunrung (Makassar), dau kaci (Bugis).', 'Kedondong adalah tanaman buah yang tumbuh baik di tanah kapur dengan tingkat kelembaban yang cukup. Habitat ideal untuk kedondong adalah daerah tropis dengan suhu yang relatif tinggi. Tanah yang subur dan memiliki tingkat keasaman yang seimbang atau sedikit asam cenderung menjadi tempat yang baik untuk pertumbuhan kedondong. Sinar matahari penuh diperlukan untuk pertumbuhan optimal, dan tanaman ini dapat tumbuh baik di dataran rendah maupun dataran tinggi.', 'Buah Konsumsi: Buah kedondong memiliki nilai jual sebagai buah konsumsi segar atau diolah menjadi berbagai produk, seperti sari buah, selai, atau dodol.', 'Obat Tradisional: Beberapa bagian tanaman kedondong, seperti kulit kayu dan daunnya, memiliki potensi nilai jual sebagai bahan obat tradisional dalam pengobatan alternatif.', 'Tanaman Hias: Kedondong juga dapat digunakan sebagai tanaman hias di taman atau pekarangan, memberikan nilai estetika yang tinggi.', 'https://storage.googleapis.com/gambar-tanaman/Gambar%20Tanaman/Gambar%20Tanaman/kedondong.jpg'),
('NAM0019', 'Kelapa', 'Cocos nucifera', 'Kelapa (Cocos nucifera) adalah tanaman tropis yang memiliki batang tinggi dan daun panjang yang tumbuh dalam kelompok di puncak batang. Buah kelapa terkenal dengan kulit keras dan air kelapa serta daging kelapanya di dalamnya. Tanaman kelapa dikenal sebagai tanaman serba guna karena hampir setiap bagian dapat dimanfaatkan.', 'Tanaman kelapa (Cocos nucifera) tumbuh subur di habitat tropis dan subtropis dengan suhu tinggi sepanjang tahun. Mereka membutuhkan paparan sinar matahari yang cukup, tanah berpasir atau berkerikil, dan kelembaban tinggi. Kelapa sering ditemukan di daerah pesisir, terutama di pantai dan pulau-pulau tropis. Tanaman ini tidak tumbuh baik di daerah dengan suhu ekstrem dingin. Drainase yang baik dan curah hujan yang cukup juga penting untuk pertumbuhan kelapa. Habitat kelapa mencakup sebagian besar wilayah pesisir di dunia, di mana kondisi iklim dan lingkungan menciptakan kondisi optimal untuk pertumbuhannya.', 'Bahan Pangan: Buah kelapa dapat dimakan langsung atau diolah menjadi berbagai produk makanan, seperti santan, kelapa parut, kelapa muda untuk minuman, kelapa serut, dan gula kelapa. Kelapa memberikan sumber lemak sehat, serat, dan nutrisi lainnya.', 'Minuman: Air kelapa, yang diperoleh dari buah kelapa muda, adalah minuman alami yang menyegarkan dan mengandung elektrolit, yang membuatnya baik untuk hidrasi. Selain itu, air kelapa dapat diolah menjadi minuman kelapa yang populer.', 'Industri Kontruksi: Batang kelapa atau serat kelapa sering digunakan dalam pembuatan material bangunan, seperti genteng atap, papan partisi, dan bahan isolasi. Pohon kelapa juga memberikan kayu untuk konstruksi ringan.', 'https://storage.googleapis.com/gambar-tanaman/Gambar%20Tanaman/Gambar%20Tanaman/kelapa.jpg'),
('NAM0020', 'Kelapa Sawit', 'Elaeis guineensis', 'Kelapa sawit adalah sejenis pohon tropis yang dapat mencapai ketinggian 20-30 meter. Daunnya bersifat menjari, panjang, dan tumbuh dalam kelompok. Buah kelapa sawit berwarna merah dan tumbuh dalam tandan. Buah ini menghasilkan minyak kelapa sawit yang merupakan sumber utama minyak nabati dunia.', 'Kelapa sawit berasal dari Afrika Barat, tetapi sekarang tersebar luas di wilayah tropis dan subtropis, terutama di Asia Tenggara, seperti Indonesia dan Malaysia.', 'Minyak Kelapa Sawit: Buah kelapa sawit menghasilkan minyak kelapa sawit, yang memiliki berbagai kegunaan dalam industri makanan, kosmetik, dan pembuatan biodiesel. Minyak ini memiliki nilai jual tinggi dan banyak digunakan di seluruh dunia.', 'Getah dan Sabut Kelapa: Selain minyak, kelapa sawit juga menghasilkan getah yang dapat dimanfaatkan dalam industri karet. Sabut kelapa juga dapat dijadikan bahan baku untuk produk kerajinan dan material bangunan, seperti matras kelapa.', 'Peningkatan Unsur Tanah: Tanaman kelapa sawit dapat memberikan manfaat ekonomis sekaligus memperbaiki unsur tanah. Tanaman ini dapat digunakan dalam sistem agroforestri untuk meningkatkan kualitas tanah dan meminimalkan erosi.', 'https://storage.googleapis.com/gambar-tanaman/Gambar%20Tanaman/Gambar%20Tanaman/kelapa_sawit.jpg'),
('NAM0021', 'Kentang', 'Solanum tuberosum', 'Kentang merupakan tanaman umbi yang tumbuh di bawah tanah. Tanaman ini memiliki batang yang berdaun, dengan umbi sebagai bagian yang paling banyak dimanfaatkan. Umbi kentang dapat berwarna kulit dan dagingnya bervariasi, termasuk merah, kuning, dan putih.', 'Kentang tumbuh baik di iklim sedang hingga dingin. Mereka membutuhkan suhu yang rendah dan tanah yang kaya akan bahan organik untuk pertumbuhan yang optimal. Kentang juga dapat tumbuh di berbagai jenis tanah, asalkan memiliki drainase yang baik.', 'Nilai Jual Sebagai Pangan: Kentang adalah salah satu sumber karbohidrat yang penting dalam makanan sehari-hari. Mereka dapat dijual sebagai bahan makanan segar atau diolah menjadi produk makanan seperti kripik kentang, kentang goreng, atau tepung kentang.', 'Pemulihan Tanah: Tanaman kentang memiliki akar yang cukup rapat, yang dapat membantu meresapi unsur hara dan memperbaiki struktur tanah. Praktik rotasi tanaman dengan kentang dapat membantu memperbaiki kualitas tanah dan mengurangi risiko penyakit tanaman.', 'Produksi Benih: Kentang juga memiliki nilai ekonomi sebagai bahan baku untuk produksi benih. Kentang yang berkualitas tinggi dapat dijual sebagai benih kepada petani lain, membantu meningkatkan hasil dan kualitas produksi kentang di berbagai daerah.', 'https://storage.googleapis.com/gambar-tanaman/Gambar%20Tanaman/Gambar%20Tanaman/kentang.jpg'),
('NAM0022', 'Kubis ', 'Brassica oleracea var. capitata', 'Kubis merupakan sayuran berdaun berlapis yang dikenal dengan bentuk kepala bulat atau ovalnya. Tumbuh optimal di iklim sejuk hingga sedang dengan kebutuhan tanah yang subur dan lembab. Di dunia kuliner, kubis sangat serbaguna; daunnya yang renyah digunakan dalam salad, hidangan tumis, atau direbus, dan menjadi bahan utama dalam sauerkraut, asinan kubis yang difermentasi. Selain kegunaannya dalam masakan, kubis kaya akan vitamin C, K, B6, dan serat, mendukung kesehatan tulang dan sistem kekebalan tubuh. Dalam penggunaan non-kuliner, daun kubis kadang digunakan sebagai pembalut dingin untuk meredakan pembengkakan, menambah pada nilai banyaknya manfaat yang ditawarkannya.', 'Kubis (Brassica oleracea var. capitata) cocok ditanam di daerah beriklim sedang hingga subtropis. Tanaman ini membutuhkan sinar matahari penuh selama setidaknya 6 jam sehari. Kubis juga membutuhkan suhu udara antara 15 hingga 25 derajat Celcius. Secara umum, kubis cocok ditanam di tanah yang gembur, kaya akan bahan organik, dan memiliki drainase yang baik. Tanah dengan pH antara 6 hingga 7,5 ideal untuk pertumbuhan tanaman kubis.', 'Digunakan dalam berbagai hidangan seperti salad, tumisan, atau sebagai bahan sauerkraut yang difermentasi', 'Kaya akan vitamin dan serat, bermanfaat untuk sistem kekebalan tubuh dan pencernaan.', 'Daunnya dapat digunakan sebagai pembalut dingin untuk meredakan pembengkakan atau memar.', 'https://storage.googleapis.com/gambar-tanaman/Gambar%20Tanaman/Gambar%20Tanaman/kubis.jpeg'),
('NAM0023', 'Labu', 'Cucurbita', 'Labu adalah tanaman merambat yang termasuk dalam genus Cucurbita. Tanaman ini memiliki batang yang panjang dan merambat, dengan daun besar yang bertangkai panjang. Buah labu umumnya berbentuk bulat atau oval, dengan kulit keras dan berwarna oranye saat matang. Daging buah labu dapat digunakan dalam berbagai hidangan dan memiliki nilai gizi tinggi.', 'Labu dapat tumbuh di berbagai jenis tanah, tetapi biasanya tumbuh lebih baik di tanah yang subur dan drainase baik. Tanaman ini membutuhkan sinar matahari penuh dan suhu yang hangat untuk tumbuh dengan baik.', 'Kuliner: Buah labu digunakan dalam berbagai resep kuliner, seperti sup labu, kue labu, dan puree labu. Beberapa jenis labu, seperti labu kuning atau labu haloween, juga diukir dan digunakan sebagai hiasan.', 'Obat-obatan: Beberapa bagian dari tanaman labu, seperti biji labu, memiliki potensi khasiat obat. Biji labu telah digunakan dalam pengobatan tradisional untuk kesehatan prostat dan masalah kandung kemih.', 'Pakan Ternak: Tanaman labu dapat dimanfaatkan sebagai pakan ternak, terutama bagi hewan ternak yang mengkonsumsi daun dan rantingnya. Ini dapat menjadi sumber nutrisi tambahan yang baik.', 'https://storage.googleapis.com/gambar-tanaman/Gambar%20Tanaman/Gambar%20Tanaman/labu.jpg'),
('NAM0024', 'Lavender', 'Lavandula', 'Lavender adalah genus tumbuhan berbunga dalam suku Lamiaceae yang tersusun atas 25-30 spesies. Asal tumbuhan ini adalah dari wilayah selatan Laut Tengah sampai Afrika tropis dan ke timur sampai India. Genus ini termasuk tumbuhan menahun, tumbuhan dari jenis rumput-rumputan, semak pendek, dan semak kecil. Tanaman ini juga tersebar di Kepulauan Canaria, Afrika Utara dan Timur, Eropa selatan (terutama Prancis selatan), Arabia, dan India; banyak darinya ditanam dan dikembangkan secara luas di iklim sedang sebagai tanaman hias, bahan kuliner, dan ekstrak minyak esensial untuk keperluan komersial. Tumbuhan ini sering ditemukan tumbuh liar di daerah di luar daerah asalnya.', 'Lavender adalah tanaman berbunga yang tumbuh subur di daerah beriklim sedang hingga subtropis. Mereka menyukai sinar matahari penuh dan tanah yang memiliki drainase baik. Tanaman ini sering ditemukan di daerah mediterania, tetapi juga dapat tumbuh di berbagai jenis tanah, asalkan tidak terlalu lembab. Lavender memiliki batang yang tegak, daun hijau abadi, dan bunga yang memiliki aroma yang khas.', 'Produk Aromaterapi: Minyak essential lavender memiliki nilai jual tinggi dalam industri aromaterapi. Minyak ini digunakan dalam pembuatan lilin, parfum, sabun, dan produk-produk relaksasi lainnya.', 'Industri Kosmetik dan Kebersihan: Lavender sering digunakan dalam produk kosmetik dan kebersihan, seperti lotion, shampo, dan sabun. Aromanya yang menyegarkan dan sifat relaksasinya membuatnya populer dalam produk-produk perawatan pribadi.', 'Tanaman Hias dan Landskap: Lavender adalah tanaman hias yang populer, digunakan dalam taman dan pekarangan sebagai tanaman penghias. Bunga yang cantik dan aromanya membuatnya sangat dihargai sebagai tanaman dekoratif.', 'https://storage.googleapis.com/gambar-tanaman/Gambar%20Tanaman/Gambar%20Tanaman/lavender.jpg'),
('NAM0025', 'Lidah Buaya', 'Aloe vera', 'Lidah buaya (Aloe vera) adalah spesies tumbuhan dengan daun berdaging tebal dari genus Aloe. Tumbuhan ini bersifat menahun, berasal dari Jazirah Arab, dan tanaman liarnya telah menyebar ke kawasan beriklim tropis, semi-tropis, dan kering di berbagai belahan dunia. Tanaman lidah buaya banyak dibudidayakan untuk pertanian, pengobatan, dan tanaman hias, dan dapat juga ditanam di dalam pot.', 'Lidah buaya atau Aloe vera merupakan tanaman yang berasal dari daerah kering di wilayah Arab dan telah menyebar ke berbagai daerah tropis dan subtropis di seluruh dunia. Tanaman ini dikenal dengan daun berdaging tebal yang berisi gel. Lidah buaya dapat tumbuh baik di tanah berpasir hingga tanah liat dengan drainase yang baik. Mereka membutuhkan sinar matahari penuh atau sinar matahari setengah hari untuk pertumbuhan optimal.', 'Kegunaan Kesehatan dan Kecantikan: Gel lidah buaya memiliki banyak kegunaan dalam produk-produk perawatan kulit dan rambut karena kandungan nutrisinya yang bermanfaat. Lidah buaya sering digunakan untuk mengatasi masalah kulit seperti luka bakar, eksim, dan jerawat. Selain itu, gel lidah buaya juga dapat diaplikasikan sebagai kondisioner alami untuk rambut.', 'Produksi Produk Kesehatan dan Minuman: Lidah buaya memiliki sifat antiinflamasi dan penyembuhan yang dapat digunakan dalam industri makanan dan minuman. Gel lidah buaya dapat diolah menjadi minuman sehat atau dicampur ke dalam produk-produk makanan dan minuman untuk meningkatkan nilai nutrisi.', 'Pertanian dan Pemulihan Tanah: Lidah buaya dapat digunakan sebagai tanaman penutup tanah yang membantu dalam menjaga kelembaban dan struktur tanah. Akarnya yang kuat dan sistem penyerapan air yang efisien membuatnya berguna dalam mengurangi erosi tanah. Tanaman ini juga dapat memperbaiki unsur tanah dengan menambahkan bahan organik ke dalam tanah, meningkatkan kesuburan.', 'https://storage.googleapis.com/gambar-tanaman/Gambar%20Tanaman/Gambar%20Tanaman/lidah_buaya.jpeg'),
('NAM0026', 'Manggis', 'Garcinia mangostana L.', 'Manggis (Garcinia mangostana L.) adalah sejenis pohon hijau abadi dari daerah tropika yang diyakini berasal dari Semenanjung Malaya dan menyebar ke Kepulauan Nusantara. Tumbuh hingga mencapai 7 sampai 25 meter. Buahnya juga disebut manggis, berwarna merah keunguan ketika matang, meskipun ada pula varian yang kulitnya berwarna merah. Buah manggis dalam perdagangan dikenal sebagai \"ratu buah\", sebagai pasangan durian, si \"raja buah\". Buah ini mengandung mempunyai aktivitas antiinflamasi dan antioksidan. Sehingga di luar negeri buah manggis dikenal sebagai buah yang memiliki kadar antioksidan tertinggi di dunia.', 'Manggis tumbuh optimal di tanah kapur dengan kelembaban tinggi. Tanah yang subur dan kaya akan bahan organik mendukung pertumbuhan manggis yang baik. Manggis memerlukan iklim tropis dengan suhu yang konstan antara 25-35 derajat Celsius. Sinar matahari cukup diperlukan, tetapi tanaman ini juga bisa tumbuh di tempat yang agak teduh atau terhalang sinar matahari langsung.', 'Buah Manggis: Buah manggis memiliki nilai jual tinggi sebagai buah eksotis yang kaya akan nutrisi. Daging buahnya yang lembut dan bercitarasa manis-asam membuatnya menjadi favorit dalam kuliner dan dapat dijual di pasar lokal maupun diekspor.', 'Tanaman Hias dan Kebun: Pohon manggis sering digunakan sebagai tanaman hias di kebun atau pekarangan karena keindahan daunnya dan bentuk pohon yang rapi. Hal ini dapat memberikan nilai estetika dan meningkatkan daya tarik kebun atau taman.', 'Tanaman Obat Tradisional: Beberapa bagian tanaman manggis, seperti kulit batang dan daunnya, telah digunakan dalam pengobatan tradisional. Manggis dianggap memiliki sifat antioksidan dan antiinflamasi, dan ekstraknya dapat digunakan dalam industri suplemen kesehatan.', 'https://storage.googleapis.com/gambar-tanaman/Gambar%20Tanaman/Gambar%20Tanaman/manggis.jpg'),
('NAM0027', 'Markisa', 'Passiflora edulis', 'Markisa, juga dikenal sebagai passion fruit, adalah buah tropis yang tumbuh pada tanaman merambat dari keluarga Passifloraceae. Buah ini memiliki kulit yang keras dan keriput, sering berwarna ungu atau kuning. Daging buahnya berisi biji-biji yang terbungkus dalam lendir yang beraroma kuat dan memiliki rasa manis asam yang khas.', 'Tanaman markisa tumbuh dengan baik di daerah tropis dan subtropis dengan suhu sekitar 20-35°C. Mereka memerlukan paparan sinar matahari penuh untuk pertumbuhan yang optimal. Markisa lebih suka tanah yang kaya humus, dengan drainase yang baik. Secara umum, markisa dapat tumbuh di berbagai jenis tanah, termasuk tanah berpasir, asalkan memiliki drainase yang cukup.', 'Buah markisa memiliki kulit luar yang keras dan biji di dalamnya, tetapi daging buahnya sangat lembut dan berair. Rasanya unik, kombinasi antara manis dan asam. Dimakan segar atau dijadikan bahan dalam minuman, salad buah, atau es.', 'Obat Tradisional: Beberapa bagian tanaman markisa, seperti daun dan akar, digunakan dalam pengobatan tradisional untuk mengatasi berbagai masalah kesehatan, seperti gangguan pencernaan.', 'Pemperbaikan Tanah: Markisa dapat memberikan manfaat pemperbaikan tanah melalui daunnya yang dapat dijadikan sebagai pupuk hijau. Daun markisa mengandung nutrien yang dapat ditarik ke permukaan tanah oleh dekomposer, meningkatkan kesuburan tanah.', 'https://storage.googleapis.com/gambar-tanaman/Gambar%20Tanaman/Gambar%20Tanaman/markisa.jpg'),
('NAM0028', 'Mawar', 'Rosa sp. ', 'Mawar adalah tanaman semak atau terna yang dikenal dengan bunganya yang indah dan aromanya yang khas. Mawar memiliki daun majemuk dan duri yang tajam. Bunganya bervariasi dalam warna, termasuk merah, merah muda, putih, kuning, dan lainnya.', 'Mawar dapat ditemukan tumbuh di berbagai tempat, termasuk taman, kebun, dan area liar. Mawar umumnya tumbuh baik di iklim sedang hingga subtropis dan memerlukan sinar matahari penuh atau setengah sinar matahari.', 'Kegunaan Hias: Mawar adalah tanaman hias yang sangat populer. Bunga mawar digunakan untuk penghiasan taman, buket bunga, dan dekorasi lainnya. Varietas mawar yang berbeda menawarkan berbagai warna dan bentuk bunga.', 'Industri Parfum dan Aromaterapi: Minyak esensial yang diekstrak dari mawar digunakan dalam industri parfum dan aromaterapi. Aroma mawar dianggap memiliki sifat relaksasi dan menenangkan.', 'Penggunaan Kuliner: Beberapa varietas mawar digunakan dalam kuliner untuk memberikan rasa dan aroma unik pada makanan dan minuman. Misalnya, kelopak mawar dapat digunakan dalam pembuatan selai atau teh mawar.', 'https://storage.googleapis.com/gambar-tanaman/Gambar%20Tanaman/Gambar%20Tanaman/mawar.jpeg'),
('NAM0029', 'Melon', 'Cucumis melo L.', 'Melon (Cucumis melo L.) merupakan nama buah sekaligus tanaman yang menghasilkannya yang termasuk dalam suku labu-labuan atau Cucurbitaceae. Buahnya bisa dimakan segar sebagai buah meja atau diiris-iris sebagai campuran es buah. Bagian yang dimakan adalah daging buah (mesokarp). Teksturnya lunak, berwarna putih,kuning sampai merah, tergantung kultivarnya.', 'Melon tumbuh subur di daerah dengan iklim hangat hingga subtropis. Tanah yang subur dengan drainase baik menjadi tempat yang ideal untuk pertumbuhan melon. Melon memerlukan sinar matahari penuh untuk berkembang secara optimal, dan biasanya tumbuh baik di tanah berpasir atau tanah berangin.', 'Nilai Jual Sebagai Buah Segar: Melon memiliki nilai jual tinggi sebagai buah segar, baik untuk konsumsi langsung maupun untuk diolah menjadi campuran buah, jus, atau salad buah.', 'Bibit dan Benih: Produksi dan penjualan bibit melon dapat menjadi kegiatan bisnis yang menguntungkan.', 'Peningkatan Kesuburan Tanah: Melon dapat memberikan manfaat bagi tanah dengan cara meningkatkan kadar bahan organik melalui residu tanaman yang terdekomposisi. Selain itu, sistem perakaran melon yang luas juga dapat membantu meningkatkan struktur tanah dan ketersediaan nutrisi.', 'https://storage.googleapis.com/gambar-tanaman/Gambar%20Tanaman/Gambar%20Tanaman/melon.jpg'),
('NAM0030', 'Nanas', 'Ananas comosus', 'Nanas adalah tumbuhan tropis dengan buah yang dapat dimakan dan tumbuhan yang paling penting secara ekonomi dalam famili Bromeliaceae.Nanas adalah tumbuhan asli Amerika Selatan, dan telah dibudidayakan disana selama berabad-abad. Pengenalan nanas ke Eropa pada abad ke-17 menjadikannya ikon budaya kemewahan yang signifikan. Sejak tahun 1820-an, nanas telah ditanam secara komersial di rumah kaca dan banyak perkebunan tropis. Selain itu, nanas merupakan buah tropis terpenting ketiga dalam produksi dunia. Pada abad ke-20, Hawaii adalah penghasil nanas yang dominan, terutama untuk AS; namun, pada tahun 2016, Kosta Rika, Brasil, dan Filipina menyumbang hampir sepertiga dari produksi nanas dunia.', 'Nanas tumbuh dengan baik di tanah kapur yang memiliki drainase yang baik. Mereka dapat tumbuh di berbagai jenis tanah dengan pH yang bervariasi, tetapi tanah yang subur dan ringan cenderung menjadi yang terbaik. Nanas memerlukan paparan sinar matahari penuh untuk pertumbuhan optimal dan iklim tropis atau subtropis yang hangat.', 'Buah Konsumsi: Buah nanas memiliki nilai jual tinggi sebagai buah konsumsi segar. Rasa manis dan asamnya membuatnya populer sebagai buah segar atau dalam campuran buah.', 'Produksi Jus dan Minuman: Nanas sering digunakan sebagai bahan utama dalam pembuatan jus buah, minuman ringan, dan sirup. Hasilnya memiliki nilai jual tinggi di pasar minuman.', 'Enzim Bromelain: Tanaman nanas menghasilkan enzim bromelain yang memiliki nilai jual dalam industri makanan, farmasi, dan kosmetik. Bromelain digunakan sebagai penggumpal dalam pembuatan keju, penghalus daging, serta dalam produk-produk perawatan kulit.', 'https://storage.googleapis.com/gambar-tanaman/Gambar%20Tanaman/Gambar%20Tanaman/nanas.jpg');
INSERT INTO `tanaman` (`id_tanaman`, `nama_tanaman`, `nama_latin_tanaman`, `desc_tanaman`, `habitat_tanaman`, `kegunaan1`, `kegunaan2`, `kegunaan3`, `gambar_tanaman`) VALUES
('NAM0031', 'Nangka', 'Artocarpus heterophyllus', 'Nangka (Artocarpus heterophyllus) adalah sejenis pohon dalam keluarga ara, murbei, dan sukun (Moraceae). Pohon nangka cocok untuk dataran rendah tropis dan banyak dibudidayakan di seluruh wilayah tropis dunia, termasuk India, Bangladesh, Sri Lanka, dan hutan hujan Filipina, Indonesia, Malaysia, dan Australia. Pohon nangka menghasilkan buah terbesar dari semua pohon, mencapai berat 55 kg (120 pon), panjang 90 cm (35 inci), dan diameter 50 cm (20 inci). Pohon nangka yang matang menghasilkan sekitar 200 buah per tahun, dengan pohon yang lebih tua menghasilkan hingga 500 buah dalam setahun. Nangka adalah buah ganda yang terdiri dari ratusan hingga ribuan bunga individu, dan kelopak berdaging buah mentah dimakan. Buah yang matang manis (tergantung varietas) dan biasanya digunakan dalam makanan penutup. Nangka hijau kalengan memiliki rasa yang lembut dan tekstur seperti daging yang cocok untuk disebut \"daging nabati\".', 'Nangka tumbuh baik di tanah kapur yang subur dengan iklim tropis. Tanah kapur yang memiliki drainase yang baik dan pH yang seimbang cenderung menjadi habitat yang ideal untuk pertumbuhan nangka. Pohon nangka memerlukan sinar matahari penuh dan umumnya tumbuh baik di dataran rendah, meskipun dapat tumbuh hingga ketinggian yang lebih tinggi.', 'Buah Konsumsi: Buah nangka memiliki nilai jual tinggi sebagai buah konsumsi. Daging buah yang manis dan kaya nutrisi membuatnya menjadi pilihan yang populer di pasar buah lokal dan internasional.', 'Kayu: Kayu nangka memiliki nilai ekonomis sebagai bahan bangunan dan kerajinan kayu. Kayu nangka umumnya digunakan untuk membuat perabot, lantai, dan barang-barang kayu lainnya.', 'Daun dan Ampas Buah sebagai Pupuk Organik: Daun nangka dan ampas buahnya dapat dijadikan pupuk organik yang kaya akan nutrisi. Pemberian pupuk organik ini dapat membantu memperbaiki unsur tanah dan meningkatkan kesuburan tanah.', 'https://storage.googleapis.com/gambar-tanaman/Gambar%20Tanaman/Gambar%20Tanaman/nangka.jpg'),
('NAM0032', 'Padi', 'Oryza sativa', 'Padi adalah tanaman pangan pokok yang termasuk dalam keluarga Poaceae. Padi tumbuh sebagai rumput yang dapat mencapai tinggi bervariasi, dengan daun panjang dan bunga yang membentuk malai. Tanaman ini memiliki biji-bijian yang dikenal sebagai beras, menjadi sumber makanan utama bagi sebagian besar penduduk dunia.', 'Padi adalah tanaman air dan biasanya tumbuh di daerah dengan air yang cukup, seperti sawah atau lahan basah. Tanaman ini memerlukan kondisi tanah yang lembab dan hangat untuk pertumbuhannya.', 'Nilai Pangan: Padi adalah sumber utama karbohidrat bagi sebagian besar populasi dunia. Berbagai produk makanan, seperti beras, tepung beras, dan mie, dihasilkan dari padi dan memiliki nilai jual yang tinggi.', 'Nilai Ekonomi: Padi memiliki nilai ekonomi tinggi sebagai komoditas perdagangan global. Hasil panen padi banyak dijual di pasar domestik dan internasional, memberikan kontribusi signifikan terhadap perekonomian banyak negara.', 'Memperbaiki Unsur Tanah: Tanaman padi dapat berperan dalam memperbaiki unsur tanah. Sistem perakaran padi dapat membantu menjaga stabilitas tanah di daerah persawahan dan menyumbang organik ke dalam tanah, meningkatkan kesuburan.', ' https://storage.googleapis.com/gambar-tanaman/Gambar%20Tanaman/Gambar%20Tanaman/padi.jpg'),
('NAM0033', 'Rambutan', 'Nephelium lappaceum', 'Rambutan merupakan tanaman tropis yang termasuk ke dalam suku lerak-lerakan atau Sapindaceae, berasal dari daerah kepulauan di Asia Tenggara. Kata \"rambutan\" berasal dari bahasa Melayu (karena bahasa Indonesia baru diresmikan tahun 1945) yang berakar dari kata \"rambut\" karena bentuk buahnya yang mempunyai kulit menyerupai rambut.', 'Rambutan tumbuh baik di daerah tropis dengan iklim hangat dan lembap. Tanaman ini dapat ditemukan tumbuh subur di tanah kapur, asalkan memiliki drainase yang baik. Sinar matahari penuh mendukung pertumbuhan optimal rambutan, tetapi tanaman ini juga bisa tumbuh di tempat yang agak teduh.', 'Nilai Jual Buah: Rambutan memiliki nilai ekonomi tinggi sebagai buah tropis yang lezat dan populer di pasar internasional. Buah ini sering dijual segar atau diproses menjadi produk olahan seperti selai, sirup, atau kue.', 'Buah Rambutan: Buah rambutan dikenal karena kulitnya yang berambut dan daging buahnya yang manis. Rambutan mengandung vitamin C, vitamin A, serat, dan mineral seperti potassium dan zat besi. Buah ini dapat dimakan segar atau dijadikan bahan dalam berbagai hidangan, minuman, dan dessert.', 'Pengayaan Unsur Tanah: Daun rambutan dapat dijadikan bahan kompos yang kaya akan nutrisi. Proses pengomposan daun rambutan dapat membantu memperbaiki struktur tanah dan menyediakan unsur-unsur esensial bagi pertumbuhan tanaman. Oleh karena itu, penggunaan daun rambutan sebagai bahan kompos dapat menjadi cara yang berkelanjutan untuk memperbaiki unsur tanah.', 'https://storage.googleapis.com/gambar-tanaman/Gambar%20Tanaman/Gambar%20Tanaman/rambutan.jpeg'),
('NAM0034', 'Selada', 'Lactuca sativa', 'Selada (Lactuca sativa) adalah tanaman sayuran yang tumbuh dalam bentuk rosette dengan daun lembut dan sering dikonsumsi segar dalam berbagai jenis salad. Terdapat berbagai varietas, termasuk selada daun, selada kepala, dan selada romawi. Daun selada memiliki rasa yang lembut dan sering tidak pahit. Selada daun dapat dipetik secara berulang-ulang, sementara selada kepala dipanen saat kepala sudah padat.', 'Tanaman selada (Lactuca sativa) tumbuh subur di iklim sejuk hingga sedang, dengan suhu optimal antara 15°C hingga 22°C. Tanaman ini membutuhkan paparan sinar matahari parsial hingga teduh untuk mencegah daunnya menjadi pahit. Tanah yang cocok adalah tanah gembur, subur, dengan pH antara 6 hingga 7, dan sistem drainase yang baik untuk menghindari genangan air. Rotasi tanaman dan penanaman bertingkat dapat membantu menjaga kesehatan tanaman selada. Selada dapat tumbuh baik di berbagai ketinggian tempat, baik di dataran rendah maupun dataran tinggi.\r', 'Konsumsi Manusia: Selada sering digunakan sebagai bahan dalam salad dan sandwich. Varietas selada, seperti selada romaine, selada hijau, atau selada lollo rosso, memberikan beragam warna, tekstur, dan rasa dalam hidangan.', 'Sumber Nutrisi: Selada kaya akan vitamin dan mineral, seperti vitamin A, vitamin K, vitamin C, folat, dan zat besi. Konsumsi selada dapat membantu memenuhi kebutuhan nutrisi harian dan mendukung kesehatan kulit, mata, dan sistem kekebalan tubuh.', 'Industri Makanan dan Produk Olahan: Selada dapat diolah menjadi produk makanan olahan, seperti selai selada, jus selada, atau sup sayuran. Produk-produk ini dapat memberikan variasi dalam cara konsumsi selada.', 'https://storage.googleapis.com/gambar-tanaman/Gambar%20Tanaman/Gambar%20Tanaman/selada.jpg'),
('NAM0035', 'Semangka', 'Citrullus lanatus', 'Semangka(Citrullus lanatus, suku ketimun-ketimunan atau Cucurbitaceae) adalah tanaman merambat yang berasal dari daerah setengah gurun di Afrika bagian selatan. Tanaman ini masih sekerabat dengan labu-labuan (Cucurbitaceae), melon (Cucumis melo), dan ketimun (Cucumis sativus). Semangka biasa dipanen buahnya untuk dimakan segar atau dibuat jus. Biji semangka yang dikeringkan dan disangrai juga dapat dimakan isinya (kotiledon) sebagai kuaci.', 'Semangka tumbuh subur di daerah tropis dan subtropis dengan musim panas yang panjang dan suhu tinggi. Meskipun semangka dapat tumbuh di berbagai jenis tanah, tanah kapur dengan drainase yang baik dapat mendukung pertumbuhan yang sehat. Sinar matahari penuh sangat diperlukan, dan tanah yang subur serta kaya bahan organik akan memberikan hasil yang lebih baik.', 'Nilai Jual sebagai Buah Segar: Buah semangka memiliki nilai jual tinggi sebagai buah segar yang populer di musim panas. Dagingnya yang segar dan manis membuatnya menjadi pilihan favorit di pasar buah.', 'Pemanfaatan Biji untuk Minyak dan Ransum: Biji semangka dapat dimanfaatkan untuk diolah menjadi minyak dan digunakan dalam industri kosmetik. Selain itu, biji tersebut juga dapat dimasukkan ke dalam ransum hewan ternak sebagai sumber nutrisi.', 'Peningkatan Unsur Tanah dengan Residu Tanaman: Setelah panen, residu tanaman semangka dapat diintegrasikan kembali ke tanah sebagai bahan organik. Ini dapat membantu meningkatkan kandungan organik tanah dan memperbaiki struktur tanah.', 'https://storage.googleapis.com/gambar-tanaman/Gambar%20Tanaman/Gambar%20Tanaman/semangka.jpg'),
('NAM0036', 'Singkong', 'Manihot esculenta', 'Singkong atau cassava dalam bahasa Inggris, adalah tanaman yang menghasilkan umbi besar dan panjang yang sering digunakan sebagai sumber karbohidrat. Umbinya memiliki kulit luar yang kasar dan daging putih atau kuning pucat di dalamnya.', 'Singkong cocok ditanam di daerah beriklim tropis dan subtropis dengan suhu udara antara 20 hingga 30 derajat Celcius. Singkong membutuhkan sinar matahari penuh selama setidaknya 6 jam sehari. Secara umum, singkong cocok ditanam di tanah yang gembur, kaya akan bahan organik, dan memiliki drainase yang baik. Tanah dengan pH antara 5,5 hingga 7,5 ideal untuk pertumbuhan tanaman singkong.', 'Singkong adalah sumber utama karbohidrat bagi banyak komunitas di berbagai belahan dunia. Dagingnya bisa dimakan setelah dimasak, direbus, atau diolah menjadi tepung singkong untuk berbagai produk makanan.', 'Tepung singkong digunakan dalam pembuatan roti, kue, dan berbagai produk pangan lainnya. Selain itu, singkong juga dapat diolah menjadi tapioka.', 'Meskipun tidak memiliki banyak nutrisi, singkong mengandung karbohidrat yang penting dan serat makanan, serta beberapa vitamin dan mineral seperti vitamin C dan magnesium.', 'https://storage.googleapis.com/gambar-tanaman/Gambar%20Tanaman/Gambar%20Tanaman/singkong.jpg'),
('NAM0037', 'Stroberi', 'Fragaria × ananassa', 'Stroberi merupakan tanaman semusim yang tumbuh rendah dengan daun berbentuk tiga, bunga putih, dan buah berwarna merah. Buah stroberi memiliki permukaan kecil yang disebut biji, dan memiliki rasa manis yang khas.', 'Tanaman stroberi biasanya tumbuh di daerah beriklim sedang hingga dingin, dengan suhu yang ideal antara 15-30°C. Mereka memerlukan sinar matahari penuh untuk pertumbuhan optimal dan tanah yang kaya akan bahan organik.', 'Nilai Jual Buah: Stroberi memiliki nilai jual tinggi sebagai buah segar, dan juga dapat diolah menjadi berbagai produk seperti selai, saus, atau digunakan sebagai bahan dalam industri makanan.', 'Tanaman Hias: Tanaman stroberi dapat digunakan sebagai tanaman hias di kebun atau pot, menambah estetika taman dengan daun tiga dan buah merah yang menarik.', 'Pemulihan Tanah: Stroberi memiliki akar dangkal yang membantu dalam pencegahan erosi tanah. Selain itu, tanaman ini dapat memberikan peningkatan bahan organik ke tanah setelah dipanen, memperbaiki struktur tanah dan meningkatkan kesuburan.', 'https://storage.googleapis.com/gambar-tanaman/Gambar%20Tanaman/Gambar%20Tanaman/stroberi.jpg'),
('NAM0038', 'Talas', 'Colocasia esculenta', 'Talas atau taro adalah tanaman umbi yang tumbuh dengan daun besar dan berbentuk hati. Umbinya digunakan sebagai bahan pangan setelah diolah, sementara daunnya dapat dimanfaatkan dalam beberapa masakan. Tanaman ini memiliki batang yang tebal dan umbi yang berwarna putih atau ungu gelap.', 'Taro biasanya tumbuh di daerah tropis dan subtropis dengan iklim hangat dan lembap. Tanaman ini dapat ditemukan di daerah yang memiliki tanah yang cukup lembab.', 'Pangan: Umbi talas dapat dimakan setelah dimasak. Taro adalah sumber karbohidrat yang signifikan dalam beberapa masyarakat, dan dapat diolah menjadi berbagai hidangan seperti kolak, bubur, atau dijadikan pengganti kentang dalam beberapa resep.', 'Pakan Ternak: Daun talas juga dapat dimanfaatkan sebagai pakan ternak, memberikan nilai tambah dalam pertanian peternakan.', 'Tanaman Penyubur Tanah: Tanaman talas memiliki akar yang dapat menembus lapisan tanah yang keras, sehingga dapat membantu meningkatkan porositas dan drainase tanah. Selain itu, sisa-sisa tanaman yang ditanam kembali ke dalam tanah setelah panen dapat berkontribusi pada peningkatan kandungan organik tanah.', 'https://storage.googleapis.com/gambar-tanaman/Gambar%20Tanaman/Gambar%20Tanaman/talas.jpg'),
('NAM0039', 'Tebu', 'Saccharum officinarum', 'Tebu adalah tanaman semusim dengan batang yang tinggi dan berdiameter besar. Daunnya panjang dan ramping, membentuk helaian yang lebar. Bunga tebu terdapat dalam bulir panjang yang berwarna putih atau kemerahan. Tanaman ini dikenal karena batangnya yang mengandung sari tebu yang dapat diolah menjadi gula.', 'Tebu umumnya tumbuh di daerah tropis dan subtropis dengan iklim hangat. Tanah yang cocok untuk tebu adalah tanah berdrainase baik.', 'Gula: Batang tebu mengandung sari tebu yang diekstrak untuk menghasilkan gula. Gula tebu adalah bahan baku penting dalam industri pangan.', 'Etanol: Selain sebagai sumber gula, tebu juga dapat diolah untuk menghasilkan etanol. Etanol dari tebu sering digunakan sebagai bahan bakar bioetanol.', 'Pemupukan Tanah: Tanaman tebu dapat memberikan manfaat pemupukan tanah karena daun dan sisa tanaman yang kembali ke tanah dapat meningkatkan kandungan organik dan nutrisi tanah.', 'https://storage.googleapis.com/gambar-tanaman/Gambar%20Tanaman/Gambar%20Tanaman/tebu.jpg'),
('NAM0040', 'Terong ', 'Solanum melongena', 'Terong adalah tanaman yang menghasilkan buah yang biasanya berbentuk oval atau bulat, dengan warna yang bervariasi dari ungu gelap hingga ungu terang, kadang-kadang putih atau hijau. Tanaman ini termasuk dalam keluarga Solanaceae dan sering tumbuh sebagai semak dengan daun yang lebar.', 'Terong berproduksi maksimal pada kisaran suhu 22-30oC. Tanaman ini membutuhkan sinar matahari yang cukup, oleh karena itu cocok ditanam pada musim kemarau. Secara umum, terong cocok ditanam di tanah yang gembur, kaya akan bahan organik, dan memiliki drainase yang baik. Tanah dengan pH antara 6 hingga 7,5 ideal untuk pertumbuhan tanaman terong.', 'Terong diketahui mengandung kalium. Mineral ini bertugas untuk menstabilkan tekanan darah dengan menyembangkan kadar natrium dalam tubuh. Oleh karena itu, konsumsi terong dan makanan tinggi kalium bisa membantu menjaga tekanan darah tetap normal.', 'Terong sering digunakan dalam masakan sebagai bahan utama atau tambahan dalam hidangan seperti semur, tumis, sup, atau diolah menjadi hidangan khas seperti caponata atau ratatouille.', 'Terong sehat untuk konsumsi, termasuk untuk pengidap diabetes. Sebab serat dapat menurunkan gula darah dengan memperlambat laju pencernaan dan penyerapan gula dalam tubuh. ', 'https://storage.googleapis.com/gambar-tanaman/Gambar%20Tanaman/Gambar%20Tanaman/terong.jpg'),
('NAM0041', 'Tin', 'Ficus carica', 'Buah tin berasal dari pohon tin (Ficus carica) yang merupakan tanaman berdaun lebar. Buahnya berbentuk bulat atau hampir bulat dengan warna kulit yang bervariasi, mulai dari ungu tua, coklat, hingga hijau kekuningan. Daging buah tin umumnya manis dan berisi, dan seringkali memiliki tekstur kenyal. Tanaman ini juga dikenal dengan daunnya yang besar dan berlobus.', 'Tin adalah tanaman buah yang tumbuh baik di iklim mediterania, tetapi juga dapat tumbuh di daerah subtropis dan tropis. Meskipun asal-usulnya terkait dengan iklim mediterania, tanaman tin dapat mengatasi tantangan iklim pasir dengan beberapa penyesuaian. Mereka memerlukan musim panas yang panjang, suhu yang hangat, dan eksposur sinar matahari yang cukup. Meskipun tanah pasir cenderung memiliki drainase yang cepat, tanaman tin dapat tumbuh di tanah ini dengan peningkatan perhatian terhadap penyiraman dan pemupukan.', 'Buah tin memiliki kulit yang tipis dan daging yang manis, dengan banyak biji di dalamnya. Buah ini dapat dimakan segar atau diolah menjadi berbagai produk, seperti selai, dikeringkan, atau dijadikan bahan dalam kue dan hidangan lainnya.', 'Produk Olahan: Selain dikonsumsi segar, buah tin juga diolah menjadi berbagai produk, seperti selai, keringan (kurma), dan minuman. Produk olahan ini memiliki nilai jual tambahan dan dapat meningkatkan daya tahan produk tin.', 'Tanaman Penutup Tanah: Pohon tin dapat digunakan untuk meningkatkan kesuburan tanah dan memperbaiki struktur tanah. Daun-daun tin yang gugur dapat menjadi bahan organik yang memperkaya tanah dengan nutrisi dan mempromosikan aktivitas mikroorganisme tanah.', 'https://storage.googleapis.com/gambar-tanaman/Gambar%20Tanaman/Gambar%20Tanaman/tin.jpg'),
('NAM0042', 'Tomat', 'Solanum lycopersicum', 'Tomat (Solanum lycopersicum) adalah tanaman semak atau merambat yang menghasilkan buah bulat dengan berbagai warna seperti merah, oranye, kuning, hijau, atau ungu. Tanaman ini memiliki daun lengket berbentuk pinnate dan bunga kuning yang lengkap. Tomat berasal dari Amerika Selatan dan telah menjadi tanaman pangan penting di seluruh dunia. Tomat juga tersedia dalam berbagai varietas, termasuk tomat besar, tomat ceri, dan varietas berwarna unik.', 'Tanaman tomat (Solanum lycopersicum) dapat tumbuh subur di iklim hangat hingga panas dengan sinar matahari yang cukup. Mereka memerlukan tanah subur dan berdrainase baik, sebaiknya dengan kelembaban yang konsisten. Perlindungan dari angin kencang dan praktik rotasi tanaman dapat meningkatkan pertumbuhan dan kesehatan tanaman. Tomat juga dapat tumbuh baik di ruangan dengan pencahayaan yang memadai. Mereka tumbuh di berbagai ketinggian dan sering ditanam di dataran rendah hingga menengah. Pemahaman akan karakteristik habitat ini membantu petani dan penanam menciptakan kondisi optimal untuk pertumbuhan tanaman tomat.', 'Konsumsi Manusia: Tomat adalah sayuran yang umum dikonsumsi secara langsung atau sebagai bahan dalam berbagai hidangan, seperti saus tomat, sup, salad, dan pasta. Tomat juga bisa dijadikan sebagai camilan segar atau diolah menjadi produk olahan seperti ketchup dan saus tomat.', 'Minuman dan Jus: Tomat dapat dijadikan bahan dasar untuk pembuatan jus tomat dan minuman tomat lainnya. Jus tomat sering dikonsumsi sebagai minuman yang menyegarkan dan kaya akan vitamin C dan likopen.', 'Tanaman Hias: Beberapa varietas tomat dengan buah yang berwarna cerah dan bentuk yang unik digunakan sebagai tanaman hias dan dekoratif dalam taman. Tanaman tomat ceri atau tomat hias sering ditanam untuk tujuan estetika.', 'https://storage.googleapis.com/gambar-tanaman/Gambar%20Tanaman/Gambar%20Tanaman/tomat.jpg'),
('NAM0043', 'Ubi Jalar', 'Ipomoea batatas', 'Ubi jalar adalah tanaman merambat yang memiliki umbi yang dapat dimakan. Daunnya berbentuk hati dan biasanya memiliki warna hijau. Tanaman ini menghasilkan umbi yang bervariasi dalam warna, seperti oranye, ungu, atau putih, tergantung pada jenisnya. Umbi ubi jalar dapat dimakan secara langsung atau diolah menjadi berbagai makanan.', 'Ubi jalar tumbuh baik di iklim hangat dan beriklim sedang. Mereka dapat tumbuh di berbagai jenis tanah, asalkan memiliki drainase yang baik. Tanaman ini sering ditemui di daerah tropis dan subtropis.', 'serat dalam ubi jalar membantu mencegah menjaga kesehatan usus dengan mendukung pertumbuhan bakteri baik dalam saluran pencernaan.', 'Ubi jalar bisa menjadi salah satu pilihan karena mengandung vitamin B lengkap, seperti vitamin B6, vitamin B5, dan vitamin B1. Semua vitamin B dari ubi jalar ini memberi manfaat baik untuk mendukung fungsi saraf', 'Ubi jalar kaya akan senyawa antioksidan, salah satunya antosianin yang membantu menurunkan risiko berbagai jenis kanker.\r', 'https://storage.googleapis.com/gambar-tanaman/Gambar%20Tanaman/Gambar%20Tanaman/ubi_jalar.jpg'),
('NAM0044', 'Vanili ', 'Vanilla planifolia', 'Vanili adalah tanaman anggota orkid yang terkenal dengan buahnya yang mengandung biji beraroma khas. Tanaman ini merambat dan memiliki daun yang lebar. Bunga vanili memiliki aroma yang kuat dan menghasilkan polong buah panjang yang mengandung biji vanili.', 'Tanaman vanili tumbuh terbaik di daerah tropis dengan iklim hangat dan lembab. Mereka memerlukan naungan yang baik dan tanah yang subur serta drainase yang baik.', 'Biji vanili digunakan sebagai bumbu alami dalam memasak untuk memberikan aroma dan rasa khas pada berbagai hidangan, seperti kue, minuman, atau makanan penutup.', 'Minyak esensial dari bunga vanili digunakan dalam pembuatan parfum dan kosmetik karena aroma manisnya yang khas.', 'Kandungan antioksidan di dalamnya. Antioksidan membantu melawan radikal bebas pada tubuh.', 'https://storage.googleapis.com/gambar-tanaman/Gambar%20Tanaman/Gambar%20Tanaman/vanili.jpg'),
('NAM0045', 'Wortel', 'Daucus carota', 'Wortel adalah tanaman umbi yang tumbuh dengan akar yang gemuk dan berwarna oranye. Tanaman ini memiliki daun berbentuk pinnatifid yang tumbuh di permukaan tanah, sedangkan umbinya berkembang di bawah tanah.', 'Wortel tumbuh baik di tanah yang gembur, kaya humus, dan memiliki drainase yang baik. Mereka dapat ditemukan tumbuh di berbagai iklim, tetapi biasanya lebih baik tumbuh di iklim yang sejuk.', 'Pangan: Wortel adalah sumber vitamin A yang baik dan digunakan sebagai sayuran makanan. Wortel juga dapat diolah menjadi berbagai produk makanan seperti jus, sup, atau makanan bayi.', 'Pertanian dan Kebun: Wortel dapat digunakan sebagai tanaman penutup tanah karena akarnya yang panjang membantu memperbaiki struktur tanah dan mencegah erosi. Selain itu, tanaman wortel juga dapat digunakan dalam rotasi tanaman untuk meningkatkan kesuburan tanah.', 'Industri Kosmetik: Ekstrak wortel sering digunakan dalam produk-produk perawatan kulit dan kosmetik karena kandungan vitamin A yang bermanfaat untuk kesehatan kulit.', 'https://storage.googleapis.com/gambar-tanaman/Gambar%20Tanaman/Gambar%20Tanaman/wortel.jpg');

-- --------------------------------------------------------

--
-- Struktur dari tabel `users-tanahku`
--

CREATE TABLE `users-tanahku` (
  `id` int(11) NOT NULL,
  `name` varchar(50) NOT NULL,
  `email` varchar(100) NOT NULL,
  `password` varchar(255) NOT NULL
) ENGINE=InnoDB DEFAULT CHARSET=utf8mb4 COLLATE=utf8mb4_general_ci;

--
-- Indexes for dumped tables
--

--
-- Indeks untuk tabel `kecocokan_tanah_tanaman`
--
ALTER TABLE `kecocokan_tanah_tanaman`
  ADD PRIMARY KEY (`id_kecocokan`),
  ADD KEY `id_tanaman` (`id_tanaman`),
  ADD KEY `id_tanah` (`id_tanah`);

--
-- Indeks untuk tabel `tanah`
--
ALTER TABLE `tanah`
  ADD PRIMARY KEY (`id_tanah`);

--
-- Indeks untuk tabel `tanaman`
--
ALTER TABLE `tanaman`
  ADD PRIMARY KEY (`id_tanaman`);

--
-- Indeks untuk tabel `users-tanahku`
--
ALTER TABLE `users-tanahku`
  ADD PRIMARY KEY (`id`);

--
-- AUTO_INCREMENT untuk tabel yang dibuang
--

--
-- AUTO_INCREMENT untuk tabel `users-tanahku`
--
ALTER TABLE `users-tanahku`
  MODIFY `id` int(11) NOT NULL AUTO_INCREMENT;

--
-- Ketidakleluasaan untuk tabel pelimpahan (Dumped Tables)
--

--
-- Ketidakleluasaan untuk tabel `kecocokan_tanah_tanaman`
--
ALTER TABLE `kecocokan_tanah_tanaman`
  ADD CONSTRAINT `FK_tanah` FOREIGN KEY (`id_tanah`) REFERENCES `tanah` (`id_tanah`),
  ADD CONSTRAINT `FK_tanaman` FOREIGN KEY (`id_tanaman`) REFERENCES `tanaman` (`id_tanaman`);
COMMIT;

/*!40101 SET CHARACTER_SET_CLIENT=@OLD_CHARACTER_SET_CLIENT */;
/*!40101 SET CHARACTER_SET_RESULTS=@OLD_CHARACTER_SET_RESULTS */;
/*!40101 SET COLLATION_CONNECTION=@OLD_COLLATION_CONNECTION */;
